customer_id,first_name,last_name,email,phone,birth_date,account_open_date,account_type,status,balance_amount,deposit_amount,withdrawal_amount,credit_score,transaction_count,region,country_code,state_code,zip_code,referral_source,last_login_date,audit_required_fields_missing,audit_has_missing_required,audit_missing_required_count,audit_source_dataset,audit_load_timestamp,audit_row_id
A000001,Linda,Johnson,linda.johnson760@outlook.com,,1970-11-15,2008-12-01,IRA,Suspended,24111.63,6976.9,,732,79,Midwest,US,CT,22156,Mail,2024-12-05,,NO,0,dataset_A,2026-05-15 16:41:45,1
A000002,John,Robinson,john.robinson550@gmail.com,(570) 791-4150,1954-02-10,2012-12-24,Checking,Suspended,97298.13,18926.72,6905.08,514,359,Northeast,US,RI,93227,Branch,2024-05-16,,NO,0,dataset_A,2026-05-15 16:41:45,2
A000003,Karen,Scott,karen.scott225@outlook.com,(474) 267-4456,2000-11-19,2022-05-24,CD,Inactive,84206.62,38800.0,21781.08,738,204,Southeast,US,NC,74686,Online,2023-08-13,,NO,0,dataset_A,2026-05-15 16:41:45,3
A000004,Sandra,Hill,sandra.hill66@hotmail.com,(211) 896-2876,1998-03-05,2015-04-05,Savings,Suspended,,49806.07,37950.34,408,152,West,US,RI,36071,Branch,2023-11-27,balance_amount,YES,1,dataset_A,2026-05-15 16:41:45,4
A000005,Kimberly,Smith,kimberly.smith614@outlook.com,(445) 259-4946,1957-01-24,2003-02-07,Savings,Suspended,48604.87,5593.39,2951.49,516,386,Southeast,US,VA,50857,Mail,2025-02-03,,NO,0,dataset_A,2026-05-15 16:41:45,5
A000006,Mark,Davis,,(434) 269-1514,1956-05-10,2021-10-10,IRA,Pending,5934.6,1051.71,849.25,399,181,Southwest,US,WA,17100,Agent,2023-07-21,email,YES,1,dataset_A,2026-05-15 16:41:45,6
A000007,Nancy,Miller,nancy.miller255@yahoo.com,,1951-04-29,2010-08-08,CD,Inactive,18616.0,22430.68,,571,401,Southwest,US,VT,82845,Agent,2023-11-14,,NO,0,dataset_A,2026-05-15 16:41:45,7
A000008,Patricia,Nguyen,patricia.nguyen754@icloud.com,(743) 361-1931,1957-03-10,2003-01-18,CD,Active,5626.24,15680.24,,729,289,Midwest,US,IN,97782,Agent,2024-06-27,,NO,0,dataset_A,2026-05-15 16:41:45,8
A000009,Lisa,Robinson,lisa.robinson324@gmail.com,(718) 471-3170,1956-03-04,2007-01-28,Money Market,Pending,436.2,31057.96,16427.82,606,53,Southeast,US,KY,25129,Online,2023-11-15,,NO,0,dataset_A,2026-05-15 16:41:45,9
A000010,Jessica,Perez,jessica.perez209@outlook.com,(483) 245-1058,1961-09-26,2007-04-01,CD,Pending,,12556.06,8676.48,336,298,Southwest,US,FL,15482,Referral,2023-03-23,balance_amount,YES,1,dataset_A,2026-05-15 16:41:45,10
A000011,Sarah,Miller,sarah.miller363@icloud.com,,1986-12-09,2011-02-17,Checking,Suspended,88355.54,20318.87,4519.6,771,420,Southeast,US,IA,13101,Agent,2024-11-03,,NO,0,dataset_A,2026-05-15 16:41:45,11
A000012,Karen,Thompson,karen.thompson657@icloud.com,,1988-12-26,2014-01-26,IRA,Active,39667.68,49057.48,12496.04,301,412,Southeast,US,MS,66531,Online,2024-11-07,,NO,0,dataset_A,2026-05-15 16:41:45,12
A000013,Linda,Martin,linda.martin520@outlook.com,(880) 588-3851,1976-12-31,2000-01-07,CD,Pending,66522.74,16309.15,7205.15,823,461,Southeast,US,TX,21114,Referral,2024-11-17,,NO,0,dataset_A,2026-05-15 16:41:45,13
A000014,Sarah,Martin,sarah.martin231@yahoo.com,(666) 624-4185,1984-06-13,2006-08-14,Checking,Suspended,14309.07,2310.69,1608.04,555,62,Southwest,US,TX,79616,Phone,2025-06-25,,NO,0,dataset_A,2026-05-15 16:41:45,14
A000015,Steven,Ramirez,steven.ramirez851@icloud.com,(852) 483-9540,1971-06-19,2012-10-25,Money Market,Pending,44314.32,7957.9,3048.16,519,208,Southwest,US,NE,18161,Branch,2025-03-08,,NO,0,dataset_A,2026-05-15 16:41:45,15
A000016,Mary,Torres,mary.torres390@hotmail.com,(629) 751-9947,1969-10-14,2019-07-20,Money Market,Suspended,92.56,17587.94,16172.84,,303,Northeast,US,CO,94246,Mail,2025-08-03,,NO,0,dataset_A,2026-05-15 16:41:45,16
A000017,Matthew,Lee,matthew.lee217@hotmail.com,,1954-09-03,2003-01-29,Checking,Inactive,32348.0,,9079.38,417,111,Midwest,US,WY,58351,Branch,2023-08-23,,NO,0,dataset_A,2026-05-15 16:41:45,17
A000018,Michael,Nguyen,michael.nguyen27@outlook.com,(806) 907-4978,1977-01-21,2005-06-06,Money Market,Pending,57367.57,45401.31,22971.28,730,54,Midwest,US,SD,70258,Agent,2023-12-27,,NO,0,dataset_A,2026-05-15 16:41:45,18
A000019,Karen,Flores,karen.flores828@icloud.com,(451) 288-5569,1971-11-17,2016-12-31,Money Market,Inactive,77351.47,23243.69,6005.06,582,264,Northeast,US,KS,63271,Mail,2024-05-07,,NO,0,dataset_A,2026-05-15 16:41:45,19
A000020,Dorothy,Lewis,dorothy.lewis812@gmail.com,(684) 766-9698,1999-05-19,2020-05-09,Savings,Active,8851.86,11079.82,8230.99,489,378,West,US,WI,78765,Phone,2023-07-25,,NO,0,dataset_A,2026-05-15 16:41:45,20
A000021,Betty,Lopez,betty.lopez310@gmail.com,(329) 853-9042,1951-02-06,2021-06-22,Checking,Closed,70655.86,6329.15,5203.29,375,351,Southeast,US,OR,49824,Online,2023-08-31,,NO,0,dataset_A,2026-05-15 16:41:45,21
A000022,Joshua,Hill,joshua.hill810@icloud.com,(639) 512-1986,1958-11-26,2011-11-14,Savings,Inactive,22181.56,26128.63,10674.0,781,118,Midwest,US,VT,69510,Online,2024-06-25,,NO,0,dataset_A,2026-05-15 16:41:45,22
A000023,Richard,Ramirez,richard.ramirez118@icloud.com,(514) 809-5728,1992-01-19,2018-01-20,CD,Suspended,22093.35,,5471.89,326,492,West,US,PA,12719,Social Media,,,NO,0,dataset_A,2026-05-15 16:41:45,23
A000024,Donald,King,donald.king668@hotmail.com,(293) 681-6700,1978-10-21,2007-03-19,CD,Closed,91565.32,9074.46,,622,59,Southwest,US,NC,10150,Agent,2025-08-04,,NO,0,dataset_A,2026-05-15 16:41:45,24
A000025,Kimberly,White,kimberly.white638@hotmail.com,(648) 915-8941,2004-08-16,,Checking,Inactive,62353.58,37999.53,17534.8,457,366,Midwest,US,NE,73242,Mail,2023-10-24,account_open_date,YES,1,dataset_A,2026-05-15 16:41:45,25
A000026,Joshua,Allen,joshua.allen765@yahoo.com,(719) 473-1042,1976-10-14,2021-12-18,CD,Closed,86334.71,13812.37,5210.16,493,122,Southeast,US,WY,63841,Online,2025-08-26,,NO,0,dataset_A,2026-05-15 16:41:45,26
A000027,Matthew,Harris,matthew.harris680@yahoo.com,(650) 302-9617,1951-05-18,2006-12-04,Money Market,Closed,49280.53,1850.98,148.66,846,162,Southwest,US,OH,14705,,2024-04-10,,NO,0,dataset_A,2026-05-15 16:41:45,27
A000028,Michael,Miller,michael.miller455@yahoo.com,(583) 641-3385,1986-12-20,2008-01-29,IRA,Suspended,69247.12,45171.2,41233.58,772,235,Northeast,US,NJ,47700,Agent,2023-06-01,,NO,0,dataset_A,2026-05-15 16:41:45,28
A000029,Donna,Martin,donna.martin655@hotmail.com,(309) 442-7248,2001-07-27,2013-03-30,CD,Closed,,22841.79,17021.07,593,117,Midwest,US,IA,93442,Branch,2023-10-08,balance_amount,YES,1,dataset_A,2026-05-15 16:41:45,29
A000030,John,Martin,john.martin808@hotmail.com,(625) 379-4289,1998-05-24,2012-03-23,CD,Closed,2853.14,18243.06,2101.05,444,115,Southwest,US,OK,57942,Online,2023-01-29,,NO,0,dataset_A,2026-05-15 16:41:45,30
A000031,Ashley,White,ashley.white689@outlook.com,(225) 834-6374,1969-11-10,2020-10-28,CD,Active,58248.29,41120.87,12515.74,399,275,Southwest,US,MS,97881,Agent,2025-05-08,,NO,0,dataset_A,2026-05-15 16:41:45,31
A000032,Barbara,Clark,barbara.clark671@gmail.com,(422) 654-8285,1982-07-16,2016-06-23,Money Market,Active,83286.15,30782.61,3760.39,765,108,West,US,AK,16629,Social Media,2023-09-15,,NO,0,dataset_A,2026-05-15 16:41:45,32
A000033,Emily,Wilson,emily.wilson601@yahoo.com,(483) 348-3129,1965-08-27,,IRA,Closed,,11649.93,8640.96,365,398,West,US,CT,69245,Phone,2023-03-30,"account_open_date, balance_amount",YES,2,dataset_A,2026-05-15 16:41:45,33
A000034,Kimberly,Martin,kimberly.martin470@gmail.com,(654) 275-2323,1963-04-23,2024-08-06,IRA,Pending,5612.95,23949.1,10302.89,417,333,West,US,WA,38183,Mail,2024-04-12,,NO,0,dataset_A,2026-05-15 16:41:45,34
A000035,Ashley,Sanchez,ashley.sanchez426@gmail.com,(685) 268-2494,1958-05-13,2016-09-18,IRA,Pending,30911.11,15626.18,6419.37,733,369,Midwest,US,RI,50953,Referral,2025-11-05,,NO,0,dataset_A,2026-05-15 16:41:45,35
A000036,Donald,Anderson,donald.anderson868@gmail.com,(639) 774-1430,1973-12-29,2013-11-10,Savings,Inactive,34686.46,27813.27,3946.0,331,271,Southwest,US,NJ,54681,Branch,2024-10-26,,NO,0,dataset_A,2026-05-15 16:41:45,36
A000037,Patricia,Martinez,patricia.martinez162@icloud.com,(624) 479-4531,1960-03-18,2012-09-14,CD,Pending,4501.13,4079.08,1612.31,307,484,Southeast,US,WI,43491,Referral,2023-01-16,,NO,0,dataset_A,2026-05-15 16:41:45,37
A000038,Susan,Rodriguez,susan.rodriguez390@icloud.com,,1978-02-01,2018-02-21,Money Market,Active,70218.96,25013.12,4299.08,771,470,Southwest,US,CT,41891,Mail,2025-12-09,,NO,0,dataset_A,2026-05-15 16:41:45,38
A000039,Lisa,Perez,lisa.perez227@outlook.com,(994) 557-6752,1963-04-02,2011-06-25,Savings,Active,77801.35,3818.97,1887.02,759,451,West,US,MA,92210,Referral,2023-05-20,,NO,0,dataset_A,2026-05-15 16:41:45,39
A000040,Lisa,Moore,lisa.moore606@gmail.com,(493) 278-2479,1995-06-29,2024-11-11,CD,Pending,34870.19,3709.53,1764.36,363,415,Midwest,US,VA,21053,Phone,2023-03-22,,NO,0,dataset_A,2026-05-15 16:41:45,40
A000041,Mark,King,mark.king536@icloud.com,,2000-01-22,2011-04-21,IRA,Inactive,15453.99,18642.6,2636.59,701,362,Midwest,US,OK,59372,Agent,2023-09-19,,NO,0,dataset_A,2026-05-15 16:41:45,41
A000042,Kimberly,Garcia,kimberly.garcia662@hotmail.com,(984) 697-4145,1962-05-05,2004-07-15,IRA,Active,50603.09,911.53,563.35,457,425,West,US,HI,67366,Online,2024-05-01,,NO,0,dataset_A,2026-05-15 16:41:45,42
A000043,Mark,Anderson,mark.anderson547@yahoo.com,(784) 651-8564,1984-04-05,2007-04-09,Savings,Closed,30601.52,40431.19,15008.55,828,145,Southeast,US,LA,68893,Phone,2025-06-14,,NO,0,dataset_A,2026-05-15 16:41:45,43
A000044,Joseph,Lewis,joseph.lewis906@outlook.com,,1980-01-30,2012-11-13,Savings,Suspended,93012.43,,394.23,453,372,Southwest,US,DE,47762,Branch,2023-04-08,,NO,0,dataset_A,2026-05-15 16:41:45,44
A000045,Michelle,Robinson,michelle.robinson65@gmail.com,(935) 347-5772,2005-02-27,2018-09-08,Checking,Pending,83587.12,24991.46,13146.99,819,199,Northeast,US,SD,60709,Referral,2023-02-03,,NO,0,dataset_A,2026-05-15 16:41:45,45
A000046,Daniel,Thomas,daniel.thomas751@gmail.com,(858) 379-8612,1992-12-06,2006-01-18,CD,Active,77035.89,36759.35,7332.38,617,417,Midwest,US,AZ,94790,Branch,2023-04-08,,NO,0,dataset_A,2026-05-15 16:41:45,46
A000047,Linda,White,linda.white448@hotmail.com,(709) 576-9507,1957-05-31,2019-04-26,Savings,Pending,74202.42,44731.87,14668.47,756,218,Southwest,US,MN,68606,Online,2024-12-23,,NO,0,dataset_A,2026-05-15 16:41:45,47
A000048,Karen,Brown,karen.brown77@hotmail.com,,1971-03-05,2017-03-04,Savings,Suspended,36012.77,40054.8,30565.2,842,160,Southeast,US,DE,13396,Agent,2025-11-26,,NO,0,dataset_A,2026-05-15 16:41:45,48
A000049,Linda,Taylor,linda.taylor794@outlook.com,(404) 325-3223,1990-07-22,2019-12-19,Money Market,Closed,70255.8,10728.52,3115.16,461,474,Southeast,US,MS,76683,Branch,2024-02-16,,NO,0,dataset_A,2026-05-15 16:41:45,49
A000050,Dorothy,Johnson,dorothy.johnson370@icloud.com,(267) 516-7523,1992-12-10,2018-05-14,Money Market,Active,57013.88,23370.29,8051.41,486,66,Northeast,US,DE,77908,Branch,2023-11-28,,NO,0,dataset_A,2026-05-15 16:41:45,50
A000051,Joseph,Thompson,joseph.thompson971@icloud.com,(328) 840-5961,1958-05-20,2006-12-01,IRA,Closed,89440.05,42296.69,,571,392,West,US,SD,13969,Mail,2024-08-16,,NO,0,dataset_A,2026-05-15 16:41:45,51
A000052,Donald,Thomas,donald.thomas825@hotmail.com,(408) 548-3353,1978-08-25,2015-06-29,Money Market,Pending,29392.1,3648.65,1702.0,553,25,Southwest,US,SC,64805,Branch,2023-11-24,,NO,0,dataset_A,2026-05-15 16:41:45,52
A000053,Christopher,Gonzalez,,(717) 668-4944,1981-08-29,2022-03-14,CD,Closed,49575.69,25736.24,11090.46,674,187,Northeast,US,OR,83638,Branch,2024-08-14,email,YES,1,dataset_A,2026-05-15 16:41:45,53
A000054,Mark,Scott,mark.scott287@icloud.com,(547) 771-6990,1967-11-10,2022-06-07,Savings,Closed,67880.06,5940.55,884.79,443,313,Southwest,US,SC,49221,Phone,2025-11-09,,NO,0,dataset_A,2026-05-15 16:41:45,54
A000055,Andrew,Martin,andrew.martin487@gmail.com,(942) 904-1436,1973-10-27,2010-03-17,CD,Inactive,36519.96,33690.32,26096.73,,,Southwest,US,GA,64127,Agent,2025-10-24,,NO,0,dataset_A,2026-05-15 16:41:45,55
A000056,Patricia,Rodriguez,patricia.rodriguez532@yahoo.com,(670) 745-6608,1973-09-19,2011-01-21,Savings,Closed,55869.12,49906.14,34447.21,791,478,Midwest,US,ME,25974,Phone,2025-02-16,,NO,0,dataset_A,2026-05-15 16:41:45,56
A000057,Barbara,Jackson,barbara.jackson44@outlook.com,(419) 406-9824,2000-06-03,2004-11-24,Savings,Inactive,95509.03,3951.47,891.73,402,367,Southeast,US,AL,82135,Branch,2025-09-01,,NO,0,dataset_A,2026-05-15 16:41:45,57
A000058,Charles,Lee,charles.lee293@gmail.com,(238) 379-7846,1965-10-09,2017-10-22,Money Market,Active,,4473.04,4153.02,765,278,Southeast,US,NC,71344,Referral,2023-08-19,balance_amount,YES,1,dataset_A,2026-05-15 16:41:45,58
A000059,Ashley,Taylor,ashley.taylor736@yahoo.com,(825) 854-7643,1996-03-24,2004-04-11,CD,Closed,915.46,,3969.85,637,370,Midwest,US,TN,57127,Agent,2023-08-31,,NO,0,dataset_A,2026-05-15 16:41:45,59
A000060,Margaret,Allen,margaret.allen946@outlook.com,(336) 689-3509,2004-05-05,2024-08-20,Savings,Inactive,68874.18,31935.57,25145.13,840,39,Northeast,US,AR,81781,Phone,2023-11-03,,NO,0,dataset_A,2026-05-15 16:41:45,60
A000061,Kimberly,Lewis,kimberly.lewis120@yahoo.com,(335) 725-7806,1955-03-07,2013-10-28,Money Market,Active,71550.26,24441.4,1106.95,365,30,Northeast,US,NM,14159,Referral,2023-10-05,,NO,0,dataset_A,2026-05-15 16:41:45,61
A000062,Anthony,White,anthony.white913@hotmail.com,(752) 336-6697,1998-03-14,2009-12-27,Money Market,Suspended,44577.98,45855.75,24392.21,553,79,Northeast,US,AZ,96533,Mail,2023-02-02,,NO,0,dataset_A,2026-05-15 16:41:45,62
A000063,Michael,Hill,michael.hill35@hotmail.com,(439) 752-4559,1955-01-24,2012-12-22,IRA,Closed,59577.38,35164.31,28777.86,446,266,Midwest,US,LA,17989,Phone,2023-12-25,,NO,0,dataset_A,2026-05-15 16:41:45,63
A000064,Emily,Young,emily.young49@outlook.com,(352) 507-7167,1998-04-05,2010-02-09,Savings,Suspended,94129.43,33567.13,32485.8,437,130,Northeast,US,NH,58637,Online,2024-01-26,,NO,0,dataset_A,2026-05-15 16:41:45,64
A000065,Joshua,Hill,joshua.hill41@gmail.com,(540) 510-1251,1967-01-18,2021-06-25,Savings,Suspended,18410.41,38084.82,29535.31,846,157,West,US,NY,71080,Online,2025-08-19,,NO,0,dataset_A,2026-05-15 16:41:45,65
A000066,Betty,Lee,betty.lee424@gmail.com,(793) 937-7841,1967-08-08,2011-01-09,Money Market,Closed,56033.74,11063.7,8005.23,771,407,Southeast,US,WA,81636,Mail,,,NO,0,dataset_A,2026-05-15 16:41:45,66
A000067,Patricia,,patricia.smith423@yahoo.com,(261) 832-8916,1951-05-31,,IRA,Closed,,11571.67,10527.6,398,123,West,US,KY,56457,Referral,2023-06-11,"last_name, account_open_date, balance_amount",YES,3,dataset_A,2026-05-15 16:41:45,67
A000068,Ashley,Torres,ashley.torres250@yahoo.com,(232) 295-7640,1999-08-02,2000-06-03,CD,Suspended,29647.45,41403.1,40464.46,840,117,West,US,NM,45532,Online,2024-07-28,,NO,0,dataset_A,2026-05-15 16:41:45,68
A000069,John,Lopez,john.lopez952@outlook.com,(278) 506-3661,2000-11-03,2024-03-31,Savings,Active,1073.64,10357.91,556.18,377,393,West,US,MT,52778,Online,2025-07-11,,NO,0,dataset_A,2026-05-15 16:41:45,69
A000070,Emily,Harris,emily.harris443@yahoo.com,(930) 275-2344,1984-02-03,2006-12-02,Money Market,Active,67809.33,33033.6,14691.23,404,95,West,US,OK,77166,Mail,2023-07-03,,NO,0,dataset_A,2026-05-15 16:41:45,70
A000071,Joshua,Hill,joshua.hill804@outlook.com,(772) 448-9537,1984-02-27,2013-07-04,Checking,Inactive,86303.68,617.03,298.79,557,369,West,US,SC,35630,Mail,2024-09-15,,NO,0,dataset_A,2026-05-15 16:41:45,71
A000072,Nancy,Flores,nancy.flores390@outlook.com,(507) 528-4290,1965-12-08,2013-01-27,CD,Pending,43742.4,21530.81,6035.09,673,288,West,US,ID,99353,Social Media,2025-08-03,,NO,0,dataset_A,2026-05-15 16:41:45,72
A000073,Charles,Jones,charles.jones839@hotmail.com,(633) 586-2211,2003-08-24,2023-12-21,CD,Pending,,6958.96,5652.74,387,127,Midwest,US,HI,94803,,2024-11-10,balance_amount,YES,1,dataset_A,2026-05-15 16:41:45,73
A000074,Michael,Taylor,michael.taylor228@icloud.com,(674) 990-9199,1952-03-15,2018-08-29,Savings,Closed,74558.73,27899.67,5771.53,787,369,Midwest,US,CA,49356,Online,2023-08-24,,NO,0,dataset_A,2026-05-15 16:41:45,74
A000075,Michael,Hernandez,michael.hernandez953@yahoo.com,(614) 844-4022,,2008-11-06,CD,Active,51357.39,27595.51,20760.81,364,409,Southeast,US,MS,52727,Branch,2024-06-21,,NO,0,dataset_A,2026-05-15 16:41:45,75
A000076,Kimberly,Lee,kimberly.lee612@hotmail.com,(889) 922-5873,2002-12-12,2014-01-18,Checking,Inactive,60936.5,29350.24,11401.49,692,249,Southeast,US,OK,31871,Mail,2024-01-19,,NO,0,dataset_A,2026-05-15 16:41:45,76
A000077,Michelle,Brown,michelle.brown887@outlook.com,(868) 706-7703,1987-04-16,2021-12-02,Checking,Inactive,95160.12,24230.45,13026.5,768,395,West,US,NC,24838,Phone,2025-01-21,,NO,0,dataset_A,2026-05-15 16:41:45,77
A000078,John,Lewis,john.lewis560@yahoo.com,(233) 660-5305,1957-10-21,2005-04-07,IRA,Closed,98972.46,5120.82,2192.57,511,412,Midwest,US,OH,46842,Phone,2024-10-24,,NO,0,dataset_A,2026-05-15 16:41:45,78
A000079,Andrew,Moore,andrew.moore976@icloud.com,(260) 483-3078,1961-11-27,2014-06-13,CD,Suspended,98541.57,33964.97,21323.64,377,450,Southwest,US,NC,46467,Agent,2025-01-25,,NO,0,dataset_A,2026-05-15 16:41:45,79
A000080,Christopher,Nguyen,christopher.nguyen3@gmail.com,(747) 607-4568,1969-01-02,2012-09-20,Savings,Pending,72958.66,22922.46,20496.22,347,401,Northeast,US,DE,30707,Mail,2025-05-26,,NO,0,dataset_A,2026-05-15 16:41:45,80
A000081,William,Martin,william.martin163@outlook.com,(253) 605-6005,1971-01-03,2004-04-08,Checking,Inactive,8880.67,18021.77,,423,216,Southwest,US,CA,40008,Mail,2023-07-29,,NO,0,dataset_A,2026-05-15 16:41:45,81
A000082,Lisa,Rodriguez,lisa.rodriguez392@yahoo.com,(368) 650-6753,1963-08-01,2019-11-05,Checking,Inactive,63978.4,33856.85,13002.11,622,126,Northeast,US,KS,82534,Phone,,,NO,0,dataset_A,2026-05-15 16:41:45,82
A000083,Jessica,King,jessica.king622@icloud.com,(445) 706-7322,1994-10-27,2023-09-12,Money Market,Inactive,18458.98,19587.55,8243.69,476,488,Northeast,US,AK,86986,,2023-03-23,,NO,0,dataset_A,2026-05-15 16:41:45,83
A000084,Margaret,Allen,margaret.allen294@icloud.com,(356) 484-2369,1995-11-15,2006-12-20,IRA,Active,76594.56,21178.76,20192.42,550,222,West,US,RI,17212,Referral,,,NO,0,dataset_A,2026-05-15 16:41:45,84
A000085,James,Hernandez,james.hernandez509@outlook.com,(999) 475-2934,1952-08-19,2012-03-14,IRA,Active,52062.04,39149.36,2170.41,470,130,West,US,UT,25117,Branch,2023-01-06,,NO,0,dataset_A,2026-05-15 16:41:45,85
A000086,James,Thomas,,(429) 529-5067,1978-09-14,2016-09-21,Checking,Inactive,36079.64,46011.33,2113.24,776,396,Midwest,US,CO,82494,,2024-08-20,email,YES,1,dataset_A,2026-05-15 16:41:45,86
A000087,Michelle,Thomas,michelle.thomas476@outlook.com,,1952-02-23,,Money Market,Active,58964.94,24668.03,10356.03,445,47,Southeast,US,ND,64140,Agent,2025-07-27,account_open_date,YES,1,dataset_A,2026-05-15 16:41:45,87
A000088,Michael,Allen,michael.allen137@hotmail.com,(467) 522-7438,1979-04-09,2010-06-24,Savings,Pending,7020.46,28391.04,12763.67,423,493,Southwest,US,MD,70731,Referral,2023-07-05,,NO,0,dataset_A,2026-05-15 16:41:45,88
A000089,Lisa,Hill,lisa.hill42@yahoo.com,(725) 250-5896,1965-08-07,2020-04-13,Savings,Active,83510.44,16389.68,,433,205,Northeast,US,PA,86823,Referral,2023-06-03,,NO,0,dataset_A,2026-05-15 16:41:45,89
A000090,Richard,Lewis,richard.lewis829@yahoo.com,(251) 372-8096,,2007-10-02,Savings,Closed,8743.85,42363.77,1467.88,551,255,West,US,NM,17992,Online,2023-10-09,,NO,0,dataset_A,2026-05-15 16:41:45,90
A000091,Kimberly,Thomas,kimberly.thomas646@icloud.com,(696) 552-9231,,2009-10-28,Money Market,Active,79382.05,49470.18,17682.27,538,51,Southeast,US,LA,79951,Social Media,2023-04-25,,NO,0,dataset_A,2026-05-15 16:41:45,91
A000092,Matthew,Thompson,matthew.thompson958@yahoo.com,(228) 920-6761,2000-07-25,2008-06-11,Savings,Suspended,,29625.98,6482.43,300,314,Southeast,US,MI,33260,Social Media,,balance_amount,YES,1,dataset_A,2026-05-15 16:41:45,92
A000093,Barbara,Davis,barbara.davis867@icloud.com,(303) 544-5944,1964-02-18,2021-11-08,IRA,Pending,85997.28,48027.94,28286.06,614,150,Northeast,US,VT,85082,Mail,2023-03-08,,NO,0,dataset_A,2026-05-15 16:41:45,93
A000094,Michelle,Anderson,michelle.anderson655@icloud.com,(527) 371-2453,,2011-03-12,Money Market,Active,9963.08,24809.25,10871.91,470,252,Midwest,US,OH,59197,Online,2024-04-06,,NO,0,dataset_A,2026-05-15 16:41:45,94
A000095,John,Jackson,john.jackson21@outlook.com,(276) 760-2525,2005-01-19,2019-05-07,CD,Inactive,25743.33,5236.25,5102.19,571,152,Northeast,US,MT,84943,Phone,2023-11-11,,NO,0,dataset_A,2026-05-15 16:41:45,95
A000096,Sandra,Garcia,sandra.garcia302@icloud.com,(684) 318-6052,1992-04-01,2011-11-20,CD,Inactive,47773.0,4849.34,904.8,750,115,West,US,AR,29808,Social Media,2023-07-18,,NO,0,dataset_A,2026-05-15 16:41:45,96
A000097,Paul,Clark,paul.clark995@icloud.com,(903) 686-4860,1957-01-31,2001-07-22,IRA,Pending,22365.03,3049.19,366.76,477,85,Southeast,US,FL,15593,Mail,2025-06-10,,NO,0,dataset_A,2026-05-15 16:41:45,97
A000098,Barbara,Hill,barbara.hill265@outlook.com,(533) 482-9514,1951-02-10,2023-06-10,Savings,Inactive,91035.85,45708.7,44101.2,408,51,West,US,MN,63856,Referral,2025-09-21,,NO,0,dataset_A,2026-05-15 16:41:45,98
A000099,John,Lopez,john.lopez283@hotmail.com,,,2013-12-12,Checking,Inactive,13957.19,30432.76,13485.08,575,309,Southeast,US,NH,37707,Social Media,2025-09-19,,NO,0,dataset_A,2026-05-15 16:41:45,99
A000100,Patricia,Allen,patricia.allen811@yahoo.com,(782) 229-3846,1968-01-04,2020-06-22,Savings,Closed,6094.51,35478.47,14082.9,331,250,Southeast,US,NM,86923,Phone,2023-12-01,,NO,0,dataset_A,2026-05-15 16:41:45,100
A000101,Jennifer,Jackson,jennifer.jackson29@hotmail.com,(430) 893-4387,,2021-04-07,IRA,Active,4489.93,42691.07,40257.89,581,192,Southwest,US,KY,38601,Mail,2025-12-02,,NO,0,dataset_A,2026-05-15 16:41:45,101
A000102,Michael,Smith,michael.smith524@outlook.com,(544) 483-6327,1973-06-06,2013-05-27,Savings,Active,55926.44,29688.63,17814.17,443,335,Midwest,US,KY,64862,Mail,2023-03-14,,NO,0,dataset_A,2026-05-15 16:41:45,102
A000103,Andrew,Gonzalez,andrew.gonzalez352@yahoo.com,(507) 374-3967,1992-03-27,2008-03-18,Checking,Inactive,68474.97,31915.68,9800.84,639,299,Northeast,US,NM,17035,Social Media,2023-05-26,,NO,0,dataset_A,2026-05-15 16:41:45,103
A000104,Steven,Davis,steven.davis889@hotmail.com,(550) 619-8496,1966-03-07,2007-12-07,Checking,Suspended,52748.77,20655.36,3482.61,801,399,West,US,NV,93032,Mail,,,NO,0,dataset_A,2026-05-15 16:41:45,104
A000105,Richard,,richard.white973@gmail.com,(454) 431-6641,1959-03-20,2013-09-24,Checking,Closed,89146.64,37842.39,19688.96,744,68,Southwest,US,MN,34697,Branch,2025-04-06,last_name,YES,1,dataset_A,2026-05-15 16:41:45,105
A000106,William,Wilson,,(989) 747-1796,1954-04-21,2000-11-19,CD,Suspended,58764.13,8449.24,4008.29,309,338,West,US,LA,91631,Phone,2025-05-07,email,YES,1,dataset_A,2026-05-15 16:41:45,106
A000107,Michelle,Davis,michelle.davis290@gmail.com,(406) 566-7713,1953-07-15,2009-04-25,Money Market,Inactive,,24886.95,20786.38,452,399,Northeast,US,KY,94454,Branch,2024-08-29,balance_amount,YES,1,dataset_A,2026-05-15 16:41:45,107
A000108,Michael,Lopez,michael.lopez896@gmail.com,(976) 246-1158,1965-04-19,2019-08-20,Checking,Closed,85150.99,18010.73,7218.3,578,353,Southwest,US,TN,31860,Online,2023-05-01,,NO,0,dataset_A,2026-05-15 16:41:45,108
A000109,Donna,Walker,,(694) 699-2850,1989-07-15,2014-02-04,IRA,Pending,67678.51,9063.03,8662.09,831,358,Southwest,US,TX,42581,Mail,2025-02-27,email,YES,1,dataset_A,2026-05-15 16:41:45,109
A000110,Emily,Flores,emily.flores56@gmail.com,(276) 969-9055,1979-09-08,2009-12-27,CD,Inactive,64161.57,7846.37,4496.24,810,60,Northeast,US,CT,62879,,2023-01-01,,NO,0,dataset_A,2026-05-15 16:41:45,110
A000111,Michelle,Martin,michelle.martin912@icloud.com,(428) 665-6439,2005-08-08,2016-04-18,Checking,Inactive,,32729.8,31565.72,834,54,Southeast,US,NY,28408,Social Media,2025-04-18,balance_amount,YES,1,dataset_A,2026-05-15 16:41:45,111
A000112,Richard,Gonzalez,richard.gonzalez124@hotmail.com,(247) 848-3018,1990-06-02,2022-08-13,Checking,Pending,21166.75,41227.71,17843.78,820,466,West,US,ID,26827,Online,2024-10-21,,NO,0,dataset_A,2026-05-15 16:41:45,112
A000113,Anthony,Hill,anthony.hill938@yahoo.com,(622) 816-9393,1999-02-23,2024-10-30,Savings,Pending,26996.39,48179.68,44382.72,482,355,Northeast,US,WI,56168,Phone,2025-05-04,,NO,0,dataset_A,2026-05-15 16:41:45,113
A000114,Paul,Jackson,paul.jackson899@hotmail.com,(404) 473-3636,1972-06-24,2013-03-28,Checking,Closed,80734.63,26136.5,22687.41,529,287,West,US,VT,47701,Agent,2025-02-20,,NO,0,dataset_A,2026-05-15 16:41:45,114
A000115,Christopher,Scott,christopher.scott56@gmail.com,(430) 848-7025,1999-01-15,2008-09-05,Checking,Inactive,74238.83,10154.36,1211.96,585,66,Midwest,US,AL,53327,Mail,2023-11-14,,NO,0,dataset_A,2026-05-15 16:41:45,115
A000116,Christopher,Hill,christopher.hill53@icloud.com,(924) 525-9608,1966-07-01,2022-08-29,IRA,Suspended,84235.57,15057.74,3212.63,669,486,West,US,NM,83575,Social Media,2023-01-19,,NO,0,dataset_A,2026-05-15 16:41:45,116
A000117,Mark,Thomas,mark.thomas927@icloud.com,(316) 595-5203,1975-05-17,2016-10-26,CD,Suspended,91820.03,12191.36,2346.99,398,489,West,US,AL,92173,Online,2024-03-12,,NO,0,dataset_A,2026-05-15 16:41:45,117
A000118,Michael,Wilson,michael.wilson551@hotmail.com,,1972-08-07,2010-03-18,CD,Suspended,64479.4,,25130.56,364,299,Northeast,US,MN,75907,Online,2024-09-09,,NO,0,dataset_A,2026-05-15 16:41:45,118
A000119,Mark,Harris,mark.harris405@gmail.com,(758) 502-3360,1983-06-23,2024-11-24,Checking,Pending,47135.76,26673.39,25259.15,652,463,West,US,GA,31096,Branch,2024-06-01,,NO,0,dataset_A,2026-05-15 16:41:45,119
A000120,Andrew,Brown,andrew.brown872@icloud.com,(943) 794-8982,1982-01-15,2010-07-09,Checking,Inactive,45857.15,27483.23,16939.08,456,186,Southwest,US,HI,10633,Referral,2024-03-29,,NO,0,dataset_A,2026-05-15 16:41:45,120
A000121,Sandra,Moore,sandra.moore861@outlook.com,(512) 698-2783,2004-06-03,2006-04-12,Checking,Active,12997.74,36648.64,23148.25,714,108,West,US,KY,81233,Phone,2023-11-01,,NO,0,dataset_A,2026-05-15 16:41:45,121
A000122,Donna,,donna.jackson138@hotmail.com,(828) 900-3717,1962-08-05,2006-07-23,Money Market,Active,49862.88,4527.7,284.62,343,265,Midwest,US,MO,71561,Mail,2023-03-23,last_name,YES,1,dataset_A,2026-05-15 16:41:45,122
A000123,Kimberly,Moore,kimberly.moore855@outlook.com,(279) 729-5121,1969-12-30,2015-06-24,IRA,Active,57652.46,28508.01,4721.09,587,95,West,US,VA,25509,Agent,2024-11-07,,NO,0,dataset_A,2026-05-15 16:41:45,123
A000124,Donald,Walker,donald.walker216@icloud.com,,1963-03-06,2008-01-28,IRA,Pending,15705.25,41668.25,30333.42,387,310,Southwest,US,HI,38752,Social Media,2023-10-20,,NO,0,dataset_A,2026-05-15 16:41:45,124
A000125,Susan,Flores,susan.flores676@icloud.com,(435) 587-7315,1951-06-27,2022-08-16,Savings,Pending,26084.33,36209.34,,815,47,Southeast,US,RI,80685,,2025-12-05,,NO,0,dataset_A,2026-05-15 16:41:45,125
A000126,John,King,john.king440@yahoo.com,(979) 913-2600,1972-11-01,2003-10-05,IRA,Suspended,93811.37,,13933.06,307,105,Midwest,US,NE,57483,Online,2024-06-03,,NO,0,dataset_A,2026-05-15 16:41:45,126
A000127,Sandra,Torres,sandra.torres375@icloud.com,(694) 383-7065,1993-05-26,2015-06-12,Savings,Active,27193.83,34030.29,23797.77,519,402,West,US,SC,99727,,2023-01-11,,NO,0,dataset_A,2026-05-15 16:41:45,127
A000128,Donald,Hill,donald.hill446@gmail.com,(610) 828-9536,2003-08-08,2007-11-11,Checking,Inactive,5940.09,11088.51,5745.55,822,118,Northeast,US,MS,41359,,2023-06-27,,NO,0,dataset_A,2026-05-15 16:41:45,128
A000129,Daniel,Sanchez,daniel.sanchez416@icloud.com,(943) 772-6703,1974-10-22,2008-09-22,IRA,Active,19631.19,768.33,81.8,601,59,Midwest,US,OH,85352,Referral,2025-02-11,,NO,0,dataset_A,2026-05-15 16:41:45,129
A000130,Sarah,Perez,sarah.perez985@hotmail.com,(591) 848-4610,1970-08-18,2015-11-03,Money Market,Inactive,68000.26,44826.19,33565.32,482,181,West,US,LA,33957,Agent,2024-01-25,,NO,0,dataset_A,2026-05-15 16:41:45,130
A000131,Sarah,Thomas,sarah.thomas894@outlook.com,(309) 322-2285,,2001-11-23,Money Market,Suspended,20281.25,10138.33,5824.67,487,468,Southwest,US,IA,85584,,,,NO,0,dataset_A,2026-05-15 16:41:45,131
A000132,Margaret,,margaret.lopez469@gmail.com,(303) 533-6924,1973-04-19,2010-08-21,IRA,Closed,69673.58,23003.53,4842.99,681,205,Southeast,US,OR,27188,Phone,2023-07-24,last_name,YES,1,dataset_A,2026-05-15 16:41:45,132
A000133,Sarah,Scott,,(711) 337-9470,1978-04-29,2002-02-20,Savings,Active,19204.35,40001.87,33560.44,642,184,Midwest,US,MN,12599,Mail,2024-02-12,email,YES,1,dataset_A,2026-05-15 16:41:45,133
A000134,Paul,Lopez,paul.lopez800@outlook.com,(590) 828-5694,1962-12-30,2015-02-18,IRA,Suspended,35188.46,33659.64,5452.84,624,363,Southwest,US,LA,68313,Social Media,2025-01-13,,NO,0,dataset_A,2026-05-15 16:41:45,134
A000135,Mark,Clark,mark.clark172@yahoo.com,(967) 281-4450,1959-03-30,2021-03-23,CD,Pending,85348.29,6252.0,1640.85,699,126,Southwest,US,SD,26569,Branch,,,NO,0,dataset_A,2026-05-15 16:41:45,135
A000136,Christopher,Walker,christopher.walker479@icloud.com,(805) 811-8480,2000-08-06,2023-12-11,CD,Pending,93453.19,27427.26,8443.98,459,0,Southeast,US,MN,47586,Mail,2025-10-04,,NO,0,dataset_A,2026-05-15 16:41:45,136
A000137,Sandra,Jackson,sandra.jackson612@yahoo.com,(455) 367-7385,1969-10-16,2010-09-29,IRA,Closed,79575.12,27410.61,22169.94,370,148,Southwest,US,SC,69345,Referral,2025-10-04,,NO,0,dataset_A,2026-05-15 16:41:45,137
A000138,Barbara,Brown,barbara.brown993@icloud.com,(208) 438-2477,1994-04-13,2013-12-22,CD,Active,1724.15,48616.63,46265.73,701,240,Midwest,US,MO,11653,Online,2024-05-24,,NO,0,dataset_A,2026-05-15 16:41:45,138
A000139,Mark,Thomas,mark.thomas756@gmail.com,(598) 897-6113,1964-03-25,2024-08-26,CD,Closed,19517.58,36766.14,31753.36,415,222,Southeast,US,LA,86637,Online,2024-05-12,,NO,0,dataset_A,2026-05-15 16:41:45,139
A000140,Donna,Walker,donna.walker705@icloud.com,,1998-02-13,2010-06-09,Money Market,Suspended,15076.69,,13803.72,340,224,West,US,VT,74237,Branch,2024-12-13,,NO,0,dataset_A,2026-05-15 16:41:45,140
A000141,Karen,Hill,karen.hill937@icloud.com,(664) 200-9289,1966-08-24,2016-05-01,Checking,Pending,15614.51,26556.87,18144.3,457,165,Midwest,US,DE,22616,Phone,2023-03-31,,NO,0,dataset_A,2026-05-15 16:41:45,141
A000142,John,Gonzalez,john.gonzalez110@hotmail.com,,2004-05-12,2009-05-12,Checking,Suspended,18757.47,1590.86,887.73,725,406,West,US,LA,79339,Online,2024-09-14,,NO,0,dataset_A,2026-05-15 16:41:45,142
A000143,Kimberly,Miller,kimberly.miller104@yahoo.com,(383) 771-7802,2001-09-22,2019-02-27,Savings,Pending,52931.94,9473.02,1498.41,753,462,Midwest,US,MS,64046,Social Media,2024-10-24,,NO,0,dataset_A,2026-05-15 16:41:45,143
A000144,Paul,Wilson,paul.wilson385@icloud.com,(943) 235-5660,1996-06-09,2013-07-16,Savings,Inactive,92577.77,,11676.82,458,235,Southeast,US,KY,58114,Phone,2024-06-08,,NO,0,dataset_A,2026-05-15 16:41:45,144
A000145,Margaret,Torres,margaret.torres940@yahoo.com,(906) 919-2562,1976-12-13,2017-02-11,Money Market,Closed,73293.73,36179.03,33655.4,532,434,Northeast,US,SD,92862,,2023-03-26,,NO,0,dataset_A,2026-05-15 16:41:45,145
A000146,Barbara,Lee,barbara.lee515@yahoo.com,(789) 716-2475,1975-12-31,2015-01-29,Checking,Pending,14896.35,33681.76,16902.29,433,246,Southwest,US,MT,95491,Phone,2025-12-09,,NO,0,dataset_A,2026-05-15 16:41:45,146
A000147,Karen,Ramirez,karen.ramirez332@icloud.com,(808) 871-1396,1965-03-09,2019-11-02,Checking,Inactive,8504.26,33587.38,25450.29,415,124,Southeast,US,ME,11800,Referral,2023-08-16,,NO,0,dataset_A,2026-05-15 16:41:45,147
A000148,Mary,Perez,mary.perez215@icloud.com,(344) 911-1301,1997-04-06,2002-09-11,IRA,Closed,20793.47,27321.21,227.7,577,467,Northeast,US,AK,48337,Social Media,2025-03-02,,NO,0,dataset_A,2026-05-15 16:41:45,148
A000149,Steven,Miller,steven.miller926@outlook.com,,1977-05-10,2007-01-16,Money Market,Closed,48208.55,29855.32,29205.8,363,449,Northeast,US,OK,46725,Branch,2025-03-15,,NO,0,dataset_A,2026-05-15 16:41:45,149
A000150,Matthew,King,matthew.king984@icloud.com,(519) 819-6395,1961-10-27,2024-04-13,Savings,Closed,87206.5,34326.17,31221.8,448,289,Midwest,US,CA,83051,Phone,2023-08-31,,NO,0,dataset_A,2026-05-15 16:41:45,150
A000151,Barbara,Johnson,barbara.johnson784@outlook.com,(852) 956-5485,1966-11-11,2001-03-05,IRA,Pending,87953.26,20702.01,,788,433,Midwest,US,ID,60785,Mail,2023-12-02,,NO,0,dataset_A,2026-05-15 16:41:45,151
A000152,Anthony,Smith,anthony.smith948@outlook.com,(381) 649-9027,1991-01-18,2001-11-16,CD,Closed,94994.9,11127.71,6364.32,339,231,Northeast,US,KS,77987,Phone,2023-03-22,,NO,0,dataset_A,2026-05-15 16:41:45,152
A000153,Patricia,Gonzalez,patricia.gonzalez299@hotmail.com,(827) 255-9470,1991-08-04,2022-06-16,IRA,Pending,39503.01,15227.71,6865.96,506,46,Southeast,US,VA,26193,Online,2025-07-09,,NO,0,dataset_A,2026-05-15 16:41:45,153
A000154,Kimberly,Harris,kimberly.harris745@icloud.com,(543) 779-3459,1962-12-22,2002-04-20,CD,Closed,61013.29,7994.98,1051.91,,437,Northeast,US,RI,74679,Branch,2025-09-01,,NO,0,dataset_A,2026-05-15 16:41:45,154
A000155,Jennifer,Hill,jennifer.hill615@gmail.com,,1953-04-18,2013-05-21,Checking,Active,24093.67,27367.08,18393.15,481,383,Northeast,US,CO,49229,Referral,2025-02-15,,NO,0,dataset_A,2026-05-15 16:41:45,155
A000156,Emily,Jones,emily.jones300@hotmail.com,(912) 414-1953,1997-06-15,2012-11-18,Money Market,Closed,13021.85,34730.97,12289.67,808,323,Southeast,US,SC,40503,Agent,2024-02-01,,NO,0,dataset_A,2026-05-15 16:41:45,156
A000157,Ashley,Davis,ashley.davis756@yahoo.com,(852) 417-1185,1975-04-08,2013-10-21,Money Market,Active,79856.22,49949.35,19782.41,329,99,Midwest,US,UT,72797,Mail,2023-10-06,,NO,0,dataset_A,2026-05-15 16:41:45,157
A000158,Ashley,Wright,ashley.wright918@outlook.com,(778) 942-6169,1951-09-06,2014-11-17,Savings,Closed,45978.24,40708.33,15275.43,469,199,Northeast,US,WI,50407,Agent,2023-03-06,,NO,0,dataset_A,2026-05-15 16:41:45,158
A000159,Dorothy,Thomas,dorothy.thomas381@hotmail.com,(238) 996-4311,,2022-06-06,CD,Pending,82860.48,15131.44,11643.36,828,67,Northeast,US,NJ,60801,Agent,2023-08-26,,NO,0,dataset_A,2026-05-15 16:41:45,159
A000160,John,Hill,john.hill893@gmail.com,(223) 791-6114,1968-10-29,2012-11-08,CD,Active,32995.62,44459.29,5088.83,826,277,Midwest,US,LA,28554,Agent,2024-05-16,,NO,0,dataset_A,2026-05-15 16:41:45,160
A000161,Michelle,Perez,michelle.perez554@hotmail.com,(288) 636-7421,2003-06-25,2019-12-31,Money Market,Inactive,4597.98,1449.63,773.36,776,47,Southwest,US,CT,69714,Referral,2025-08-11,,NO,0,dataset_A,2026-05-15 16:41:45,161
A000162,Joseph,Martinez,joseph.martinez882@icloud.com,,1960-02-17,2007-08-30,IRA,Pending,25434.3,18172.47,14856.96,633,36,West,US,NJ,62535,Phone,2024-05-14,,NO,0,dataset_A,2026-05-15 16:41:45,162
A000163,Donald,Harris,donald.harris68@outlook.com,(550) 757-4869,1956-12-27,2021-10-29,CD,Closed,20427.93,34702.99,6113.76,371,350,Southwest,US,MA,74788,Agent,2023-07-05,,NO,0,dataset_A,2026-05-15 16:41:45,163
A000164,Donna,Smith,donna.smith776@yahoo.com,(410) 897-6187,1977-04-28,2015-06-11,IRA,Pending,65918.58,22648.72,6662.91,,420,Northeast,US,ME,14087,Branch,2025-03-18,,NO,0,dataset_A,2026-05-15 16:41:45,164
A000165,Matthew,Sanchez,matthew.sanchez391@hotmail.com,(568) 627-3527,,2006-06-17,CD,Inactive,54284.44,33124.38,13774.95,735,232,West,US,NH,60425,Referral,,,NO,0,dataset_A,2026-05-15 16:41:45,165
A000166,Sarah,Allen,sarah.allen276@hotmail.com,(577) 315-8889,1957-03-08,2023-08-12,Checking,Pending,92619.73,28817.62,13614.93,379,276,Midwest,US,SC,16917,Referral,2023-01-23,,NO,0,dataset_A,2026-05-15 16:41:45,166
A000167,Donald,Torres,,,2001-11-13,2013-02-01,Money Market,Suspended,41812.12,48029.07,40894.12,435,140,Northeast,US,WV,24621,Phone,2023-11-06,email,YES,1,dataset_A,2026-05-15 16:41:45,167
A000168,Susan,Taylor,susan.taylor802@yahoo.com,(348) 809-3525,1987-01-18,2019-09-29,Savings,Pending,48234.31,39968.6,25670.28,,204,Southwest,US,WV,79798,Branch,2025-03-09,,NO,0,dataset_A,2026-05-15 16:41:45,168
A000169,Kimberly,Ramirez,kimberly.ramirez13@outlook.com,(242) 299-9704,1988-09-26,2012-03-24,Checking,Closed,92685.86,22441.03,17350.31,499,346,Southeast,US,MA,81776,Online,2023-05-20,,NO,0,dataset_A,2026-05-15 16:41:45,169
A000170,Kimberly,Miller,kimberly.miller702@hotmail.com,(258) 808-4552,1960-12-04,2003-11-16,IRA,Inactive,34827.4,36262.53,9186.59,377,472,Southwest,US,VT,97500,Social Media,2024-06-11,,NO,0,dataset_A,2026-05-15 16:41:45,170
A000171,Karen,Brown,karen.brown392@hotmail.com,(703) 405-7432,1994-02-22,2019-05-06,Checking,Suspended,32931.8,3002.93,218.97,556,9,Southeast,US,TN,93930,Online,2025-03-10,,NO,0,dataset_A,2026-05-15 16:41:45,171
A000172,Nancy,Sanchez,nancy.sanchez589@gmail.com,(999) 271-9849,1984-06-27,2021-08-16,Money Market,Closed,51295.99,46995.55,29714.0,392,436,Northeast,US,NJ,48005,Agent,2023-03-22,,NO,0,dataset_A,2026-05-15 16:41:45,172
A000173,Lisa,Harris,lisa.harris918@gmail.com,,1971-05-25,2024-03-31,IRA,Suspended,62877.01,,1006.91,343,108,West,US,NJ,98877,Social Media,2023-11-02,,NO,0,dataset_A,2026-05-15 16:41:45,173
A000174,Robert,Williams,robert.williams754@yahoo.com,(864) 333-1235,1954-06-26,2004-05-13,IRA,Active,48633.92,953.15,473.85,525,103,Southwest,US,MA,25833,Agent,2023-10-09,,NO,0,dataset_A,2026-05-15 16:41:45,174
A000175,Jessica,Williams,jessica.williams608@yahoo.com,(766) 368-8187,2002-03-19,,Checking,Active,,6037.27,3584.51,787,105,Midwest,US,ND,69037,Mail,2023-12-24,"account_open_date, balance_amount",YES,2,dataset_A,2026-05-15 16:41:45,175
A000176,Joshua,Lopez,joshua.lopez735@hotmail.com,(771) 441-4144,1997-07-26,2024-03-17,Savings,Closed,61011.01,4401.06,656.71,785,81,Northeast,US,AR,94523,Referral,2025-06-09,,NO,0,dataset_A,2026-05-15 16:41:45,176
A000177,Ashley,Williams,ashley.williams107@gmail.com,(440) 938-8287,1979-03-31,2014-08-11,Money Market,Inactive,92448.57,8794.38,7650.11,525,299,Southwest,US,GA,38333,Phone,2025-03-04,,NO,0,dataset_A,2026-05-15 16:41:45,177
A000178,Richard,Thompson,richard.thompson999@outlook.com,(676) 669-7852,1980-10-28,2007-01-12,Savings,Pending,19822.19,6360.59,550.03,800,110,Southwest,US,LA,11901,Agent,2024-05-20,,NO,0,dataset_A,2026-05-15 16:41:45,178
A000179,Donna,Anderson,,,1985-05-18,2004-05-24,Checking,Pending,94598.36,45687.74,18577.46,667,331,Northeast,US,NM,97691,Referral,2025-07-29,email,YES,1,dataset_A,2026-05-15 16:41:45,179
A000180,Mary,Robinson,mary.robinson475@yahoo.com,(848) 201-2158,1979-11-13,2019-02-07,IRA,Pending,87357.0,20268.02,13876.81,643,28,Midwest,US,AR,24544,Mail,2023-03-25,,NO,0,dataset_A,2026-05-15 16:41:45,180
A000181,Emily,Jones,emily.jones575@yahoo.com,(970) 794-4437,1970-03-24,2011-12-29,Money Market,Active,13409.78,16746.48,8142.59,425,272,West,US,ME,69241,Phone,2023-05-15,,NO,0,dataset_A,2026-05-15 16:41:45,181
A000182,Ashley,Garcia,ashley.garcia83@hotmail.com,(913) 351-9131,1968-04-29,2001-01-06,IRA,Inactive,89743.56,14418.63,,,427,Midwest,US,NE,85851,Referral,2024-10-30,,NO,0,dataset_A,2026-05-15 16:41:45,182
A000183,Kimberly,Scott,kimberly.scott456@hotmail.com,(695) 580-5720,1954-03-31,2020-06-13,Savings,Pending,30060.27,6597.71,5537.67,457,59,Midwest,US,OR,26577,Mail,2024-01-13,,NO,0,dataset_A,2026-05-15 16:41:45,183
A000184,John,Lee,john.lee353@yahoo.com,(614) 711-3381,,2022-10-05,Money Market,Suspended,36977.95,26993.33,20357.33,450,373,Southwest,US,MI,24721,Agent,2023-03-24,,NO,0,dataset_A,2026-05-15 16:41:45,184
A000185,Linda,Martin,linda.martin26@hotmail.com,(399) 797-9625,,2019-12-25,Checking,Pending,61560.96,11018.24,6645.89,357,184,Southwest,US,MS,60608,,2024-12-20,,NO,0,dataset_A,2026-05-15 16:41:45,185
A000186,Emily,Garcia,emily.garcia221@hotmail.com,(634) 946-7786,2002-09-05,2009-04-27,IRA,Closed,74023.53,20780.49,15712.42,719,139,West,US,NJ,84437,Social Media,2024-02-13,,NO,0,dataset_A,2026-05-15 16:41:45,186
A000187,Charles,Scott,charles.scott503@gmail.com,(429) 227-1040,1976-12-05,2021-03-13,Money Market,Suspended,82191.32,15099.64,,804,34,Midwest,US,PA,72978,Phone,2024-06-12,,NO,0,dataset_A,2026-05-15 16:41:45,187
A000188,Linda,White,linda.white525@icloud.com,(909) 338-6855,1974-06-18,2015-12-20,IRA,Active,1263.28,12976.86,2377.98,471,446,Midwest,US,LA,99842,Agent,2023-07-16,,NO,0,dataset_A,2026-05-15 16:41:45,188
A000189,Barbara,Smith,barbara.smith141@icloud.com,(423) 358-9247,1966-11-27,2023-07-31,Checking,Suspended,27782.48,38940.39,31886.13,791,353,Southwest,US,RI,78566,Social Media,2023-12-19,,NO,0,dataset_A,2026-05-15 16:41:45,189
A000190,Linda,Anderson,linda.anderson132@yahoo.com,,1988-09-09,2001-06-21,Checking,Suspended,68648.74,15371.42,1018.32,398,471,West,US,IL,34219,Agent,2023-07-05,,NO,0,dataset_A,2026-05-15 16:41:45,190
A000191,Karen,Nguyen,karen.nguyen357@outlook.com,(301) 792-1229,1967-03-09,2024-02-04,Checking,Inactive,15636.01,25031.72,11882.95,489,490,Midwest,US,MO,65586,Branch,2025-04-14,,NO,0,dataset_A,2026-05-15 16:41:45,191
A000192,Christopher,Davis,christopher.davis478@gmail.com,(284) 535-9088,1975-06-12,2013-12-29,CD,Inactive,51732.62,24790.8,21205.2,371,410,Midwest,US,ID,11675,Agent,2023-08-04,,NO,0,dataset_A,2026-05-15 16:41:45,192
A000193,Jennifer,Davis,jennifer.davis147@hotmail.com,(266) 572-4261,2003-05-18,2019-01-19,IRA,Pending,39762.74,29527.86,19010.96,787,486,Southwest,US,NC,46554,Branch,2023-08-10,,NO,0,dataset_A,2026-05-15 16:41:45,193
A000194,Dorothy,Anderson,,(591) 819-6356,2005-10-19,2003-06-07,CD,Suspended,2487.21,36889.92,18085.3,651,276,Northeast,US,NV,25615,Mail,2025-02-09,email,YES,1,dataset_A,2026-05-15 16:41:45,194
A000195,John,Lopez,john.lopez571@outlook.com,(982) 312-9037,1998-05-23,2007-01-04,Money Market,Suspended,88412.37,8207.21,5552.08,591,14,Southeast,US,MS,55727,Social Media,2023-02-25,,NO,0,dataset_A,2026-05-15 16:41:45,195
A000196,Michael,Ramirez,michael.ramirez354@outlook.com,(286) 904-2073,1960-04-08,2024-02-25,CD,Pending,40898.93,2822.46,57.58,322,193,Midwest,US,OR,22809,Social Media,2024-02-26,,NO,0,dataset_A,2026-05-15 16:41:45,196
A000197,Nancy,Hernandez,nancy.hernandez630@outlook.com,(748) 419-5708,1976-09-03,2010-02-17,Checking,Pending,36015.1,21799.56,1466.45,786,177,Midwest,US,NC,49309,Mail,2024-10-03,,NO,0,dataset_A,2026-05-15 16:41:45,197
A000198,Thomas,Flores,thomas.flores528@hotmail.com,(391) 790-9178,1991-12-04,2023-11-24,CD,Pending,66991.8,27378.12,5493.37,546,350,Southwest,US,NE,51766,Social Media,2023-05-12,,NO,0,dataset_A,2026-05-15 16:41:45,198
A000199,Anthony,Moore,anthony.moore844@outlook.com,(396) 228-5023,1977-11-10,2019-07-25,Checking,Inactive,64427.29,12822.33,3313.25,480,21,Southwest,US,AK,17251,Social Media,2024-10-04,,NO,0,dataset_A,2026-05-15 16:41:45,199
A000200,Robert,Clark,robert.clark919@outlook.com,(441) 314-9196,1996-10-29,2023-07-24,Checking,Inactive,67003.04,44285.97,13879.68,699,380,Southwest,US,IN,28910,Online,2024-07-16,,NO,0,dataset_A,2026-05-15 16:41:45,200
A000201,Donna,Brown,donna.brown503@icloud.com,(484) 348-6947,,2001-07-24,Checking,Inactive,37157.85,47435.54,30308.89,424,121,Southwest,US,AL,61508,Referral,2024-04-27,,NO,0,dataset_A,2026-05-15 16:41:45,201
A000202,David,Lewis,david.lewis647@outlook.com,(998) 703-8718,1979-11-07,2004-07-02,IRA,Active,87886.46,38337.05,31184.43,764,390,Southeast,US,SD,68117,Social Media,2023-01-07,,NO,0,dataset_A,2026-05-15 16:41:45,202
A000203,Lisa,Lee,lisa.lee590@gmail.com,(333) 808-7722,1978-08-28,2005-12-27,IRA,Closed,10638.23,12480.18,5172.99,686,452,Northeast,US,AK,83207,Agent,2024-04-13,,NO,0,dataset_A,2026-05-15 16:41:45,203
A000204,Richard,Taylor,richard.taylor719@yahoo.com,,1989-01-15,2022-03-02,Savings,Inactive,4503.19,30900.2,8225.72,691,438,Southeast,US,ME,98760,Branch,,,NO,0,dataset_A,2026-05-15 16:41:45,204
A000205,Sarah,,sarah.flores462@yahoo.com,(909) 607-4476,1987-12-23,2003-04-11,Checking,Closed,36648.59,34213.35,12121.85,,317,Southwest,US,TX,58614,Branch,2023-03-26,last_name,YES,1,dataset_A,2026-05-15 16:41:45,205
A000206,David,Allen,david.allen505@outlook.com,(319) 520-1723,1994-10-15,2019-04-17,Money Market,Pending,87728.62,6595.98,3409.94,468,251,Southeast,US,OK,96169,Agent,2023-04-19,,NO,0,dataset_A,2026-05-15 16:41:45,206
A000207,Joseph,Lopez,joseph.lopez37@hotmail.com,(241) 652-6841,2000-04-26,2005-01-17,Checking,Closed,25652.51,35298.14,6376.78,820,288,West,US,IN,86486,Online,2024-01-05,,NO,0,dataset_A,2026-05-15 16:41:45,207
A000208,Sarah,Young,sarah.young694@gmail.com,(804) 308-6300,1957-04-10,2021-07-10,Money Market,Pending,88680.45,1298.11,56.92,763,374,West,US,FL,37704,,2024-10-23,,NO,0,dataset_A,2026-05-15 16:41:45,208
A000209,Emily,Hill,emily.hill391@gmail.com,(413) 366-7365,1975-07-25,2006-11-30,CD,Closed,39585.28,8900.54,3195.69,676,250,Southwest,US,NM,45190,Phone,2023-07-04,,NO,0,dataset_A,2026-05-15 16:41:45,209
A000210,Michelle,Lopez,michelle.lopez445@hotmail.com,(930) 358-9115,1997-01-26,2019-08-14,CD,Closed,8841.22,25667.07,23174.89,835,291,Northeast,US,AZ,77294,Online,2025-04-25,,NO,0,dataset_A,2026-05-15 16:41:45,210
A000211,,Taylor,andrew.taylor364@outlook.com,(602) 246-2364,1976-09-14,2020-05-29,Money Market,Closed,58349.57,38432.34,7194.22,565,54,Northeast,US,AL,61764,,2025-07-31,first_name,YES,1,dataset_A,2026-05-15 16:41:45,211
A000212,Joshua,Young,joshua.young311@icloud.com,(509) 289-3049,1967-02-13,2008-06-10,Savings,Inactive,81219.81,30837.24,24361.78,608,75,Northeast,US,DE,31771,Branch,2025-06-30,,NO,0,dataset_A,2026-05-15 16:41:45,212
A000213,Mark,Nguyen,mark.nguyen249@yahoo.com,(930) 642-7810,2001-11-30,2013-01-16,CD,Pending,29130.56,41472.54,28146.08,799,31,Southwest,US,OR,51399,,2025-08-27,,NO,0,dataset_A,2026-05-15 16:41:45,213
A000214,Daniel,Lewis,daniel.lewis715@hotmail.com,(424) 801-6556,1992-01-11,2017-07-05,Money Market,Suspended,1591.1,14400.54,8954.87,388,66,Southeast,US,RI,74511,Online,2025-10-08,,NO,0,dataset_A,2026-05-15 16:41:45,214
A000215,Emily,Brown,emily.brown19@outlook.com,(232) 265-6533,2005-05-28,2010-01-19,Money Market,Closed,88031.06,17852.19,9944.07,827,53,Southwest,US,NJ,24539,Online,,,NO,0,dataset_A,2026-05-15 16:41:45,215
A000216,David,Davis,david.davis892@yahoo.com,(950) 301-3527,1980-01-08,2009-01-20,Checking,Inactive,91054.07,7851.63,2251.52,572,386,Southeast,US,GA,79422,Mail,2023-10-10,,NO,0,dataset_A,2026-05-15 16:41:45,216
A000217,Anthony,Robinson,,(271) 286-6542,1964-09-28,2001-08-30,Savings,Pending,79358.04,18088.72,12903.94,832,214,West,US,MD,51116,,2025-12-16,email,YES,1,dataset_A,2026-05-15 16:41:45,217
A000218,Margaret,Lewis,margaret.lewis660@yahoo.com,(864) 614-4232,1957-07-24,2017-06-29,Savings,Pending,88701.77,31217.98,2897.64,833,325,Northeast,US,OH,87660,Referral,2024-09-14,,NO,0,dataset_A,2026-05-15 16:41:45,218
A000219,Steven,Davis,steven.davis750@gmail.com,(327) 659-5881,1950-06-20,2010-08-04,IRA,Pending,84079.14,12987.82,3885.98,443,266,Northeast,US,MA,77692,Phone,2025-01-09,,NO,0,dataset_A,2026-05-15 16:41:45,219
A000220,Sandra,Clark,sandra.clark84@gmail.com,(738) 612-9502,1973-08-28,2018-12-29,CD,Suspended,5750.46,44425.46,5647.54,432,262,Northeast,US,VT,37871,Mail,2023-11-18,,NO,0,dataset_A,2026-05-15 16:41:45,220
A000221,Linda,Hill,linda.hill873@hotmail.com,(512) 583-5968,1952-07-05,2018-12-02,Money Market,Closed,10588.78,18479.3,9032.56,657,22,West,US,MD,84155,Mail,2025-02-11,,NO,0,dataset_A,2026-05-15 16:41:45,221
A000222,Joshua,Rodriguez,joshua.rodriguez781@yahoo.com,(533) 291-7711,1985-06-22,2019-11-16,Checking,Inactive,50228.77,23046.81,18348.92,426,43,West,US,OH,85609,,2025-12-04,,NO,0,dataset_A,2026-05-15 16:41:45,222
A000223,Steven,Johnson,steven.johnson124@icloud.com,(793) 654-2386,2004-06-11,2002-01-07,Checking,Closed,17564.21,948.68,815.53,563,50,Midwest,US,GA,33942,Referral,2023-11-12,,NO,0,dataset_A,2026-05-15 16:41:45,223
A000224,David,Brown,david.brown630@outlook.com,(531) 464-7152,1960-11-07,2010-08-10,IRA,Suspended,17736.51,35665.03,11353.48,367,208,Northeast,US,LA,82623,Phone,2024-05-19,,NO,0,dataset_A,2026-05-15 16:41:45,224
A000225,William,Martin,william.martin582@hotmail.com,(753) 372-5016,1988-01-07,2000-01-17,IRA,Closed,44321.22,42313.89,2546.24,579,429,Midwest,US,SD,37886,Phone,2024-07-30,,NO,0,dataset_A,2026-05-15 16:41:45,225
A000226,Paul,Torres,paul.torres72@outlook.com,(642) 415-9270,1978-07-23,2011-09-22,Savings,Closed,8516.37,34921.47,,302,2,Southeast,US,NE,82848,Agent,2025-03-15,,NO,0,dataset_A,2026-05-15 16:41:45,226
A000227,Robert,Wright,robert.wright32@hotmail.com,(381) 986-1138,1983-03-28,,Money Market,Inactive,67060.71,17649.74,5351.02,539,495,Midwest,US,NY,89433,,2023-08-16,account_open_date,YES,1,dataset_A,2026-05-15 16:41:45,227
A000228,Dorothy,Hernandez,dorothy.hernandez566@yahoo.com,(331) 963-2065,2001-02-16,2012-04-21,Checking,Pending,65813.76,28285.35,,353,165,Southwest,US,LA,25953,Agent,2025-10-11,,NO,0,dataset_A,2026-05-15 16:41:45,228
A000229,John,Anderson,john.anderson49@outlook.com,(785) 225-4696,1988-01-09,2008-10-30,Checking,Active,,26620.51,15773.47,642,126,Southeast,US,MI,17134,Social Media,2024-04-29,balance_amount,YES,1,dataset_A,2026-05-15 16:41:45,229
A000230,Michelle,Lewis,,,1954-12-01,2019-05-16,Checking,Pending,62347.55,28946.72,11627.41,720,306,West,US,AL,69429,Mail,2025-05-26,email,YES,1,dataset_A,2026-05-15 16:41:45,230
A000231,Nancy,Johnson,nancy.johnson465@icloud.com,(398) 786-3064,1972-12-28,2019-12-11,Checking,Active,32483.46,9624.07,4938.36,666,453,Southeast,US,GA,71541,Referral,2024-08-19,,NO,0,dataset_A,2026-05-15 16:41:45,231
A000232,Kimberly,Nguyen,kimberly.nguyen674@yahoo.com,(400) 405-4297,1980-08-22,2020-12-18,IRA,Pending,5260.42,25355.39,10616.18,765,466,Southeast,US,AL,93724,Branch,2025-08-13,,NO,0,dataset_A,2026-05-15 16:41:45,232
A000233,Donald,Perez,donald.perez827@hotmail.com,(230) 768-2887,1989-07-06,2016-02-22,Savings,Inactive,20134.29,9212.23,2413.59,551,11,Midwest,US,CT,12751,Social Media,2025-02-15,,NO,0,dataset_A,2026-05-15 16:41:45,233
A000234,Linda,Perez,linda.perez959@yahoo.com,(838) 644-2071,1961-09-25,2016-12-18,IRA,Suspended,30159.77,12007.5,554.69,493,150,Midwest,US,KS,16980,Agent,2023-09-16,,NO,0,dataset_A,2026-05-15 16:41:45,234
A000235,Dorothy,Wilson,dorothy.wilson745@gmail.com,(860) 969-9342,1996-07-21,2016-10-08,CD,Suspended,78358.85,39549.86,36432.75,337,458,Southeast,US,MT,38651,Referral,2025-02-11,,NO,0,dataset_A,2026-05-15 16:41:45,235
A000236,Betty,Taylor,betty.taylor564@gmail.com,(676) 724-6511,1991-12-12,2022-04-26,Checking,Inactive,13000.2,4201.41,318.84,601,262,Northeast,US,LA,39850,Online,2025-01-07,,NO,0,dataset_A,2026-05-15 16:41:45,236
A000237,Nancy,Gonzalez,nancy.gonzalez692@outlook.com,(818) 341-9898,1950-10-07,2015-07-20,IRA,Active,24627.38,37260.57,28361.28,707,370,Southwest,US,IA,77610,Phone,2025-08-17,,NO,0,dataset_A,2026-05-15 16:41:45,237
A000238,Nancy,Garcia,nancy.garcia321@yahoo.com,(230) 583-3276,1961-07-07,2000-06-07,Money Market,Closed,42593.69,47096.49,35446.05,850,,Southeast,US,GA,53286,Phone,2025-03-11,,NO,0,dataset_A,2026-05-15 16:41:45,238
A000239,Margaret,Jones,margaret.jones548@hotmail.com,(295) 375-2709,1965-12-08,2021-12-01,Checking,Suspended,18428.04,5431.92,3582.73,358,5,Southwest,US,MT,30582,Online,2025-05-06,,NO,0,dataset_A,2026-05-15 16:41:45,239
A000240,Matthew,Wilson,matthew.wilson134@yahoo.com,(517) 801-4325,1991-03-06,2006-05-26,CD,Pending,30630.6,40894.81,37226.65,771,20,Midwest,US,TN,69809,Referral,2024-09-01,,NO,0,dataset_A,2026-05-15 16:41:45,240
A000241,Susan,Clark,susan.clark256@yahoo.com,(782) 297-7447,1953-12-01,2007-01-31,IRA,Closed,89946.44,36662.2,26636.47,805,390,Midwest,US,CA,23791,Phone,2024-10-29,,NO,0,dataset_A,2026-05-15 16:41:45,241
A000242,Thomas,Wilson,thomas.wilson519@gmail.com,(963) 608-4185,1950-12-18,2006-02-14,CD,Suspended,45947.83,3659.77,2404.55,748,420,Southeast,US,HI,12367,Phone,2024-08-25,,NO,0,dataset_A,2026-05-15 16:41:45,242
A000243,Margaret,Hernandez,,(421) 652-1782,1996-11-28,2004-08-11,CD,Active,67577.01,7674.82,2896.44,555,122,Northeast,US,NE,13662,Online,2024-01-29,email,YES,1,dataset_A,2026-05-15 16:41:45,243
A000244,Joseph,Miller,joseph.miller817@yahoo.com,(841) 394-4393,1985-06-11,2009-08-03,Savings,Active,72263.16,2200.63,856.46,367,142,Midwest,US,AZ,18825,Branch,2025-10-20,,NO,0,dataset_A,2026-05-15 16:41:45,244
A000245,Andrew,Hernandez,andrew.hernandez258@gmail.com,(910) 336-6440,1978-07-12,2015-01-12,IRA,Suspended,59786.65,49070.79,11405.3,313,315,Northeast,US,MD,40984,Agent,2024-05-13,,NO,0,dataset_A,2026-05-15 16:41:45,245
A000246,William,White,william.white511@outlook.com,(654) 956-6385,1978-06-28,2001-10-10,CD,Closed,19802.18,18787.4,13768.78,510,464,Southeast,US,UT,39156,Phone,2025-12-03,,NO,0,dataset_A,2026-05-15 16:41:45,246
A000247,James,Jones,james.jones891@hotmail.com,(293) 377-9992,1968-05-02,2019-02-13,Savings,Inactive,6533.48,9623.27,2395.9,759,103,Southwest,US,CO,57131,Mail,2025-08-22,,NO,0,dataset_A,2026-05-15 16:41:45,247
A000248,,Ramirez,michelle.ramirez779@yahoo.com,(507) 809-9801,1965-10-06,2013-09-20,IRA,Pending,81870.18,39677.93,28364.3,,373,Southwest,US,MT,64502,Mail,2025-02-03,first_name,YES,1,dataset_A,2026-05-15 16:41:45,248
A000249,Donna,Jones,donna.jones419@gmail.com,(461) 989-6711,1993-11-02,2002-08-03,CD,Inactive,99243.48,,3926.97,451,233,Southeast,US,KY,42429,Phone,2023-11-27,,NO,0,dataset_A,2026-05-15 16:41:45,249
A000250,Jennifer,Harris,jennifer.harris408@icloud.com,(637) 458-5951,1997-11-01,2013-10-24,Checking,Active,97401.63,4017.42,1383.57,514,203,Northeast,US,HI,74451,Online,2025-05-05,,NO,0,dataset_A,2026-05-15 16:41:45,250
A000251,Charles,Ramirez,charles.ramirez175@yahoo.com,(661) 780-4482,1955-04-17,2008-08-09,CD,Suspended,37152.46,35202.36,30568.39,600,63,Midwest,US,AK,86761,Branch,2023-07-26,,NO,0,dataset_A,2026-05-15 16:41:45,251
A000252,,Nguyen,james.nguyen809@gmail.com,(472) 697-8753,2004-03-22,2015-05-22,Money Market,Suspended,9232.61,26116.73,9298.32,,371,Southeast,US,AK,88893,Online,2024-07-26,first_name,YES,1,dataset_A,2026-05-15 16:41:45,252
A000253,Sarah,White,,(217) 848-6901,1979-03-16,2021-09-25,Checking,Closed,68461.58,43492.65,40484.89,402,150,Southeast,US,ND,84959,Social Media,2025-10-30,email,YES,1,dataset_A,2026-05-15 16:41:45,253
A000254,Jennifer,Martin,jennifer.martin853@icloud.com,(753) 446-4987,1958-01-09,2001-04-23,Money Market,Suspended,98715.57,23340.15,6013.09,426,472,Southwest,US,CO,53620,Social Media,2023-05-13,,NO,0,dataset_A,2026-05-15 16:41:45,254
A000255,Matthew,Scott,matthew.scott990@hotmail.com,(958) 806-4082,1960-06-01,2014-01-21,Checking,Closed,80748.97,11177.54,9468.7,627,408,Southeast,US,ND,96998,Phone,,,NO,0,dataset_A,2026-05-15 16:41:45,255
A000256,Christopher,Martinez,christopher.martinez836@outlook.com,(881) 919-1562,1977-09-17,2005-07-15,IRA,Suspended,83640.27,24991.63,7284.94,360,170,Southeast,US,WA,39500,Agent,2024-01-02,,NO,0,dataset_A,2026-05-15 16:41:45,256
A000257,Lisa,Hernandez,lisa.hernandez23@icloud.com,(273) 740-5637,1967-07-03,2017-08-30,IRA,Active,38924.7,21121.87,9663.94,440,247,Southeast,US,IN,38591,Social Media,2023-01-19,,NO,0,dataset_A,2026-05-15 16:41:45,257
A000258,Andrew,Miller,andrew.miller695@yahoo.com,(564) 685-3943,1960-07-12,2019-06-17,CD,Inactive,,49135.03,14872.66,476,192,Northeast,US,WY,70774,Social Media,2025-02-21,balance_amount,YES,1,dataset_A,2026-05-15 16:41:45,258
A000259,Mark,White,mark.white12@gmail.com,(800) 786-8856,1958-06-26,2021-09-19,Money Market,Pending,11221.08,6102.58,4355.83,850,416,Southwest,US,OK,80309,Social Media,2025-09-27,,NO,0,dataset_A,2026-05-15 16:41:45,259
A000260,Donna,Wright,donna.wright731@gmail.com,(911) 384-1087,1978-03-13,2009-04-01,IRA,Closed,75227.58,,5250.37,475,483,Southeast,US,MD,16051,Phone,2024-08-23,,NO,0,dataset_A,2026-05-15 16:41:45,260
A000261,William,Torres,william.torres503@outlook.com,(301) 878-1732,1966-11-15,2009-08-27,Savings,Pending,52027.96,49300.98,30680.63,561,332,Southwest,US,NJ,20912,Referral,2023-10-21,,NO,0,dataset_A,2026-05-15 16:41:45,261
A000262,Karen,Gonzalez,karen.gonzalez732@outlook.com,,1972-03-16,2023-11-03,CD,Active,56146.04,32388.56,29449.15,449,115,Northeast,US,MO,39127,Mail,2023-09-10,,NO,0,dataset_A,2026-05-15 16:41:45,262
A000263,Lisa,Nguyen,lisa.nguyen842@hotmail.com,(301) 249-3797,1984-12-13,2023-11-07,CD,Suspended,9101.83,17445.01,11978.76,429,290,Northeast,US,WA,93780,Referral,2024-05-25,,NO,0,dataset_A,2026-05-15 16:41:45,263
A000264,Ashley,Lopez,ashley.lopez450@outlook.com,(434) 512-2424,1986-06-21,2003-07-26,Checking,Inactive,79746.12,25111.46,7178.13,310,217,Southeast,US,NM,75248,Phone,2025-12-26,,NO,0,dataset_A,2026-05-15 16:41:45,264
A000265,James,Flores,james.flores195@gmail.com,(740) 900-1693,1965-02-13,2023-06-26,Money Market,Inactive,71273.09,35129.59,14850.06,682,173,Southeast,US,OH,25448,Referral,2024-08-24,,NO,0,dataset_A,2026-05-15 16:41:45,265
A000266,Andrew,Sanchez,andrew.sanchez223@outlook.com,(832) 699-1942,2005-03-22,,CD,Closed,,47956.75,4064.04,457,467,Southeast,US,WY,96066,Referral,2025-03-20,"account_open_date, balance_amount",YES,2,dataset_A,2026-05-15 16:41:45,266
A000267,Sandra,Lopez,sandra.lopez550@outlook.com,(644) 205-6885,1967-10-22,2001-10-21,Money Market,Active,10423.85,21928.6,10510.27,572,250,Southeast,US,MA,62412,Phone,2025-03-07,,NO,0,dataset_A,2026-05-15 16:41:45,267
A000268,Michael,Johnson,michael.johnson130@yahoo.com,(639) 811-1131,1975-12-21,2019-03-29,IRA,Inactive,34084.12,682.45,589.75,553,219,Northeast,US,VT,75841,Phone,2023-11-01,,NO,0,dataset_A,2026-05-15 16:41:45,268
A000269,Margaret,Williams,margaret.williams281@yahoo.com,(617) 737-6020,1970-10-06,2021-06-30,Checking,Closed,92874.38,21315.15,20100.16,552,24,Northeast,US,AR,96563,Agent,2024-08-07,,NO,0,dataset_A,2026-05-15 16:41:45,269
A000270,Joshua,Miller,joshua.miller442@yahoo.com,(899) 765-3134,1982-06-03,2023-09-21,Money Market,Inactive,24852.44,24564.32,2612.8,,98,Northeast,US,CA,81641,Phone,2025-08-29,,NO,0,dataset_A,2026-05-15 16:41:45,270
A000271,Barbara,Williams,barbara.williams131@yahoo.com,(773) 555-6996,1960-07-14,2018-10-17,IRA,Active,41530.36,35580.16,34423.34,362,355,Southwest,US,NY,99744,Phone,2023-06-03,,NO,0,dataset_A,2026-05-15 16:41:45,271
A000272,Steven,Harris,steven.harris576@hotmail.com,(913) 209-9401,1997-02-08,2009-11-18,IRA,Active,39785.32,13574.71,,584,138,Northeast,US,TN,42637,Social Media,2023-08-26,,NO,0,dataset_A,2026-05-15 16:41:45,272
A000273,Joshua,White,joshua.white333@gmail.com,(501) 532-1938,1950-12-08,2012-07-18,Checking,Pending,94616.0,44199.32,41503.91,691,131,West,US,OK,37021,Social Media,2024-10-26,,NO,0,dataset_A,2026-05-15 16:41:45,273
A000274,Margaret,Martinez,margaret.martinez457@yahoo.com,(670) 389-3885,1994-01-03,2012-08-26,Savings,Suspended,72846.1,21695.18,3113.74,765,496,West,US,FL,11545,Phone,2025-02-25,,NO,0,dataset_A,2026-05-15 16:41:45,274
A000275,James,Williams,james.williams136@yahoo.com,(209) 308-9886,1980-05-11,2006-03-31,CD,Inactive,76896.82,13382.82,3262.85,573,,Northeast,US,OH,48894,Online,,,NO,0,dataset_A,2026-05-15 16:41:45,275
A000276,Mary,Anderson,mary.anderson438@hotmail.com,(932) 315-9057,1959-11-18,2012-08-22,Money Market,Active,14311.34,32768.23,2778.89,454,271,Southeast,US,UT,65737,Branch,2024-09-09,,NO,0,dataset_A,2026-05-15 16:41:45,276
A000277,Daniel,Miller,daniel.miller278@hotmail.com,(202) 352-3401,1985-01-16,2021-06-17,CD,Closed,66004.04,46644.09,5948.79,661,217,Southwest,US,RI,93440,Referral,2024-05-18,,NO,0,dataset_A,2026-05-15 16:41:45,277
A000278,Dorothy,Wright,dorothy.wright547@hotmail.com,(791) 995-4593,,2016-04-03,Savings,Active,53013.68,41070.21,34858.4,442,73,West,US,NE,41784,Branch,2023-04-25,,NO,0,dataset_A,2026-05-15 16:41:45,278
A000279,Barbara,Harris,barbara.harris751@gmail.com,,1962-09-04,2000-07-23,CD,Inactive,69460.31,21235.44,2975.35,606,369,Northeast,US,ME,24583,,2023-12-22,,NO,0,dataset_A,2026-05-15 16:41:45,279
A000280,Margaret,Ramirez,margaret.ramirez697@hotmail.com,(633) 360-5453,1996-10-14,2005-08-12,IRA,Active,55192.67,41475.91,30940.85,379,239,Southwest,US,MO,31603,Online,2025-05-18,,NO,0,dataset_A,2026-05-15 16:41:45,280
A000281,Michael,Jones,michael.jones372@icloud.com,(416) 811-1179,1977-09-25,2001-06-14,IRA,Pending,77769.12,16773.58,8115.18,395,4,Midwest,US,MT,75564,Branch,2025-03-11,,NO,0,dataset_A,2026-05-15 16:41:45,281
A000282,William,Miller,,(688) 800-1612,1963-08-06,2004-03-08,Savings,Inactive,89599.37,25178.92,24264.1,835,174,Southeast,US,MI,48121,Referral,2025-06-01,email,YES,1,dataset_A,2026-05-15 16:41:45,282
A000283,Matthew,Thomas,matthew.thomas214@icloud.com,(215) 346-6071,1957-10-27,2014-01-26,Savings,Active,60491.14,47900.78,4274.15,771,242,Southwest,US,TN,28408,Online,2025-09-26,,NO,0,dataset_A,2026-05-15 16:41:45,283
A000284,Charles,Sanchez,charles.sanchez419@icloud.com,(582) 285-7769,1973-07-31,2002-07-23,IRA,Active,91672.58,6449.21,2423.75,374,447,Northeast,US,MN,71063,Mail,2025-08-10,,NO,0,dataset_A,2026-05-15 16:41:45,284
A000285,Michael,Sanchez,michael.sanchez787@hotmail.com,(919) 959-8802,1990-10-13,2021-01-29,Money Market,Pending,,16436.03,1025.61,740,109,Northeast,US,WI,99610,Mail,2023-12-27,balance_amount,YES,1,dataset_A,2026-05-15 16:41:45,285
A000286,Karen,Sanchez,karen.sanchez84@outlook.com,(388) 255-2514,1988-06-12,2013-04-26,CD,Suspended,87314.48,22571.05,3626.92,663,292,Northeast,US,OK,88266,Branch,2023-10-24,,NO,0,dataset_A,2026-05-15 16:41:45,286
A000287,Christopher,Smith,christopher.smith155@hotmail.com,(469) 733-1060,1961-04-12,2004-05-15,Savings,Suspended,93348.85,24972.28,15006.93,514,497,Northeast,US,MS,57683,Online,2024-09-20,,NO,0,dataset_A,2026-05-15 16:41:45,287
A000288,Linda,Young,linda.young665@hotmail.com,(543) 316-3880,1983-06-23,2007-04-18,Money Market,Suspended,41112.4,17586.45,16494.36,401,412,Northeast,US,TN,12153,Phone,2023-08-01,,NO,0,dataset_A,2026-05-15 16:41:45,288
A000289,Michelle,Wright,michelle.wright103@hotmail.com,(995) 665-7243,1992-02-17,2020-10-23,CD,Active,50087.83,40293.53,20451.42,570,462,Southwest,US,UT,41661,Online,,,NO,0,dataset_A,2026-05-15 16:41:45,289
A000290,Betty,King,betty.king840@icloud.com,(600) 397-7444,2001-11-04,2017-07-06,Money Market,Pending,31405.83,8520.54,6049.8,421,401,Midwest,US,OK,30847,Referral,2023-07-11,,NO,0,dataset_A,2026-05-15 16:41:45,290
A000291,Donna,Martinez,donna.martinez29@icloud.com,(333) 664-6867,1969-11-23,2011-01-01,CD,Closed,70611.38,46029.72,43036.68,405,474,Northeast,US,GA,47022,Referral,2023-07-10,,NO,0,dataset_A,2026-05-15 16:41:45,291
A000292,Betty,Wilson,betty.wilson401@gmail.com,(903) 629-7148,1990-06-14,2000-06-15,IRA,Active,48849.21,1097.85,380.72,305,379,Northeast,US,IL,89444,Online,2025-11-26,,NO,0,dataset_A,2026-05-15 16:41:45,292
A000293,Jessica,White,jessica.white118@yahoo.com,(480) 693-4264,1981-04-09,2013-03-15,CD,Suspended,2464.51,6928.25,1337.53,587,52,West,US,MD,31712,Social Media,2025-09-26,,NO,0,dataset_A,2026-05-15 16:41:45,293
A000294,Sandra,Hill,sandra.hill766@outlook.com,(582) 847-2052,1953-01-11,2018-05-20,IRA,Closed,81497.17,31145.55,25198.01,490,37,Midwest,US,MS,29010,Social Media,2023-01-20,,NO,0,dataset_A,2026-05-15 16:41:45,294
A000295,Nancy,Wilson,nancy.wilson477@icloud.com,(739) 422-2686,2004-07-15,2018-12-01,Money Market,Closed,79421.56,44937.2,22196.02,581,63,West,US,MA,87485,Mail,,,NO,0,dataset_A,2026-05-15 16:41:45,295
A000296,James,Robinson,,(271) 681-2558,1987-03-29,2014-03-24,IRA,Closed,84085.11,20140.54,6010.82,805,495,Midwest,US,SC,23466,Online,2023-01-22,email,YES,1,dataset_A,2026-05-15 16:41:45,296
A000297,Christopher,Ramirez,christopher.ramirez232@yahoo.com,(205) 904-1860,1953-11-12,2013-08-25,IRA,Suspended,8345.68,36205.4,4987.78,429,75,Southwest,US,SD,68560,Agent,2025-12-16,,NO,0,dataset_A,2026-05-15 16:41:45,297
A000298,Dorothy,Moore,dorothy.moore330@hotmail.com,(448) 875-4373,1956-09-28,2000-08-03,CD,Inactive,22195.97,13190.6,10737.09,826,389,Southwest,US,TN,30184,Social Media,2023-09-24,,NO,0,dataset_A,2026-05-15 16:41:45,298
A000299,Matthew,Lewis,matthew.lewis889@icloud.com,(514) 791-2672,1959-08-13,2000-09-28,Checking,Suspended,51103.14,39001.05,10357.85,386,108,West,US,NV,76574,,,,NO,0,dataset_A,2026-05-15 16:41:45,299
A000300,Sandra,Gonzalez,sandra.gonzalez302@yahoo.com,(897) 251-5078,1969-09-13,2001-08-07,Checking,Pending,39970.56,29702.46,18422.08,701,112,Midwest,US,NY,36962,Branch,2024-12-12,,NO,0,dataset_A,2026-05-15 16:41:45,300
A000301,Joshua,Jackson,joshua.jackson752@gmail.com,(904) 444-3789,1956-03-25,2020-06-02,CD,Suspended,8971.38,25162.01,6638.55,309,496,Northeast,US,NY,42441,Mail,2023-02-05,,NO,0,dataset_A,2026-05-15 16:41:45,301
A000302,Charles,Anderson,charles.anderson538@icloud.com,(663) 702-6747,1973-02-01,,Money Market,Closed,16314.13,7329.15,6280.76,795,351,Northeast,US,GA,63781,Social Media,2023-10-18,account_open_date,YES,1,dataset_A,2026-05-15 16:41:45,302
A000303,Sarah,Torres,sarah.torres759@hotmail.com,(480) 841-9927,1990-04-22,2015-08-25,CD,Closed,35621.7,37218.26,19356.39,425,232,Midwest,US,ME,24442,Online,2023-10-29,,NO,0,dataset_A,2026-05-15 16:41:45,303
A000304,Kimberly,Jackson,,,1950-06-16,2000-01-11,Money Market,Closed,66264.19,15182.28,14552.58,388,73,Southeast,US,NV,86706,Online,2023-03-07,email,YES,1,dataset_A,2026-05-15 16:41:45,304
A000305,Sarah,Harris,sarah.harris433@hotmail.com,(777) 646-6283,1962-06-27,2011-03-20,Savings,Closed,96674.13,4906.93,4549.31,487,448,Northeast,US,FL,79018,Mail,2025-10-28,,NO,0,dataset_A,2026-05-15 16:41:45,305
A000306,Ashley,Thompson,ashley.thompson438@hotmail.com,(631) 290-3303,1977-02-16,2016-09-26,IRA,Closed,41760.82,20512.93,2583.31,773,447,Northeast,US,CO,17168,Referral,2023-08-08,,NO,0,dataset_A,2026-05-15 16:41:45,306
A000307,Charles,Torres,charles.torres494@outlook.com,(918) 409-9458,1994-06-09,2006-12-10,Checking,Suspended,86363.57,6072.13,407.7,423,126,Southwest,US,AK,76296,Mail,2023-09-07,,NO,0,dataset_A,2026-05-15 16:41:45,307
A000308,Susan,Thomas,susan.thomas862@icloud.com,(349) 851-1354,1971-08-05,2024-07-09,Money Market,Closed,25657.29,30638.0,15103.44,700,409,Southwest,US,NV,29420,Online,2023-09-04,,NO,0,dataset_A,2026-05-15 16:41:45,308
A000309,Donna,Martin,donna.martin35@icloud.com,(669) 483-1149,1982-02-04,2022-07-28,IRA,Suspended,44170.18,45405.42,6874.5,647,439,Midwest,US,WI,96303,Referral,2023-05-20,,NO,0,dataset_A,2026-05-15 16:41:45,309
A000310,Donald,Hill,donald.hill675@yahoo.com,(531) 802-6703,1986-03-23,2007-02-20,Checking,Suspended,57391.91,46370.61,35237.46,542,450,Southwest,US,WI,65057,,2023-08-23,,NO,0,dataset_A,2026-05-15 16:41:45,310
A000311,Robert,Lewis,robert.lewis782@outlook.com,(586) 336-4272,1994-01-22,2010-02-11,CD,Pending,60456.6,42033.97,24468.31,398,414,Northeast,US,MS,63480,Phone,2023-05-28,,NO,0,dataset_A,2026-05-15 16:41:45,311
A000312,Kimberly,Young,kimberly.young195@yahoo.com,(341) 268-8190,1983-09-29,2005-09-14,Checking,Suspended,56822.19,23686.64,7838.38,596,128,Midwest,US,CA,30691,Referral,2024-05-09,,NO,0,dataset_A,2026-05-15 16:41:45,312
A000313,Steven,Martin,steven.martin409@icloud.com,,1973-05-28,2002-08-31,Money Market,Active,5193.14,34875.9,33062.27,336,36,West,US,WV,90272,Online,2025-09-07,,NO,0,dataset_A,2026-05-15 16:41:45,313
A000314,John,Miller,john.miller37@hotmail.com,,1997-12-04,2000-10-23,CD,Suspended,50514.23,32516.85,13879.28,748,315,Midwest,US,MN,35381,Referral,2023-04-29,,NO,0,dataset_A,2026-05-15 16:41:45,314
A000315,Donna,Smith,donna.smith233@hotmail.com,(215) 937-5094,1956-11-15,2008-02-06,Money Market,Pending,74621.31,44416.77,12988.03,790,336,Midwest,US,OH,36982,Mail,2025-01-01,,NO,0,dataset_A,2026-05-15 16:41:45,315
A000316,Lisa,White,lisa.white799@icloud.com,(715) 306-1884,1986-11-10,2021-10-23,Savings,Pending,28914.68,32682.19,6888.41,,357,Southwest,US,DE,12790,Mail,2024-07-07,,NO,0,dataset_A,2026-05-15 16:41:45,316
A000317,,Garcia,,(588) 388-8062,1977-05-18,2015-08-08,Money Market,Closed,85384.71,19196.81,14536.83,744,400,Northeast,US,CT,82521,Mail,2024-08-11,"first_name, email",YES,2,dataset_A,2026-05-15 16:41:45,317
A000318,Andrew,Torres,andrew.torres788@icloud.com,(215) 487-5495,1972-06-03,2017-09-13,Money Market,Closed,25640.12,48015.25,38904.81,427,338,Midwest,US,ID,68170,,2025-08-13,,NO,0,dataset_A,2026-05-15 16:41:45,318
A000319,Donald,Scott,donald.scott224@hotmail.com,(265) 651-3945,1974-10-10,2005-09-15,Savings,Pending,5387.78,46941.71,30728.08,818,296,West,US,VA,39878,Online,,,NO,0,dataset_A,2026-05-15 16:41:45,319
A000320,Paul,Williams,paul.williams615@yahoo.com,(533) 784-7084,1987-04-27,2012-09-12,IRA,Closed,34647.83,3873.96,2525.74,601,82,Midwest,US,GA,87493,Online,2024-03-09,,NO,0,dataset_A,2026-05-15 16:41:45,320
A000321,Steven,Nguyen,steven.nguyen730@outlook.com,(980) 864-2285,1970-02-24,2024-08-04,Checking,Pending,93963.95,18941.98,12486.51,624,428,Southeast,US,MI,41860,Social Media,2025-01-11,,NO,0,dataset_A,2026-05-15 16:41:45,321
A000322,Linda,Thomas,linda.thomas456@hotmail.com,(819) 435-8355,1970-08-12,2005-08-14,CD,Pending,35869.06,17599.23,14006.45,420,215,Southeast,US,OR,74775,Agent,2024-02-10,,NO,0,dataset_A,2026-05-15 16:41:45,322
A000323,James,Hernandez,james.hernandez124@hotmail.com,(234) 641-1392,1956-07-20,2023-09-29,Money Market,Inactive,25969.3,27728.94,19742.55,644,315,Northeast,US,CA,56525,Mail,2025-07-10,,NO,0,dataset_A,2026-05-15 16:41:45,323
A000324,Charles,Walker,charles.walker717@yahoo.com,(355) 207-7060,1990-09-09,2007-12-05,Money Market,Active,73211.04,36185.37,1747.32,837,432,Midwest,US,MA,60340,Referral,2023-10-21,,NO,0,dataset_A,2026-05-15 16:41:45,324
A000325,Jessica,Ramirez,jessica.ramirez532@outlook.com,(480) 698-8191,1965-03-11,2011-08-21,Savings,Closed,57301.35,30773.87,25812.81,328,20,West,US,OH,35576,Online,2023-02-22,,NO,0,dataset_A,2026-05-15 16:41:45,325
A000326,Andrew,Ramirez,andrew.ramirez750@hotmail.com,(322) 655-8082,1957-10-17,2005-03-23,Savings,Active,51849.84,41551.89,11472.81,825,37,Midwest,US,AZ,66803,Online,2025-12-03,,NO,0,dataset_A,2026-05-15 16:41:45,326
A000327,Emily,Williams,emily.williams972@gmail.com,(681) 355-8938,1994-07-25,2003-12-24,Savings,Active,24214.33,29317.17,17919.16,339,134,West,US,KS,93586,Referral,2024-01-04,,NO,0,dataset_A,2026-05-15 16:41:45,327
A000328,Charles,Young,charles.young502@hotmail.com,(973) 982-5706,1990-02-12,2019-01-21,Money Market,Active,59583.13,27170.67,3479.42,800,351,Midwest,US,LA,76517,Branch,2025-04-17,,NO,0,dataset_A,2026-05-15 16:41:45,328
A000329,Christopher,Taylor,christopher.taylor692@outlook.com,(697) 945-4587,1954-02-04,2009-12-04,IRA,Inactive,40828.52,40451.53,39167.43,432,10,Northeast,US,MO,21829,Social Media,2024-12-23,,NO,0,dataset_A,2026-05-15 16:41:45,329
A000330,Patricia,King,patricia.king216@outlook.com,(497) 365-7125,1969-05-06,2000-08-11,IRA,Active,53315.0,49260.86,2083.0,324,395,Northeast,US,LA,26206,Social Media,2025-03-31,,NO,0,dataset_A,2026-05-15 16:41:45,330
A000331,Karen,Garcia,karen.garcia79@gmail.com,(754) 819-3487,2002-10-08,2014-01-01,Checking,Closed,50203.22,35174.46,9295.55,782,219,Southwest,US,OK,46511,Mail,2025-12-28,,NO,0,dataset_A,2026-05-15 16:41:45,331
A000332,Mary,Young,mary.young746@hotmail.com,(225) 606-4802,1992-10-10,2013-12-07,Checking,Active,95121.47,38135.02,35926.75,385,315,West,US,WA,84270,Social Media,2025-10-07,,NO,0,dataset_A,2026-05-15 16:41:45,332
A000333,Nancy,Martinez,nancy.martinez38@outlook.com,(775) 700-9938,1971-02-24,2021-08-31,Checking,Active,68744.26,29936.5,,424,224,Northeast,US,AZ,65598,Mail,2025-12-10,,NO,0,dataset_A,2026-05-15 16:41:45,333
A000334,Emily,Clark,emily.clark409@gmail.com,(735) 530-7088,1964-11-20,2009-03-03,Money Market,Pending,29323.48,21773.97,4585.97,438,366,Northeast,US,MA,64565,Branch,2023-05-18,,NO,0,dataset_A,2026-05-15 16:41:45,334
A000335,Richard,Gonzalez,richard.gonzalez711@gmail.com,(558) 851-4703,1951-04-08,2019-02-12,Money Market,Pending,53542.02,16551.76,9287.4,507,78,Southeast,US,LA,33373,Referral,2023-09-17,,NO,0,dataset_A,2026-05-15 16:41:45,335
A000336,Matthew,Perez,matthew.perez590@icloud.com,(414) 372-1043,1969-06-02,2006-07-28,Checking,Closed,60279.91,48332.94,6620.4,735,167,Northeast,US,KS,83419,Mail,2025-02-28,,NO,0,dataset_A,2026-05-15 16:41:45,336
A000337,Lisa,King,lisa.king325@icloud.com,(484) 928-3341,2000-04-14,2011-03-28,CD,Closed,7359.07,30269.05,25891.31,654,109,Southeast,US,MO,59047,Branch,2023-01-22,,NO,0,dataset_A,2026-05-15 16:41:45,337
A000338,Kimberly,Gonzalez,kimberly.gonzalez6@icloud.com,(821) 479-1549,1992-12-13,2011-05-08,IRA,Active,30694.27,4705.42,4692.39,802,383,West,US,CT,15006,,2023-12-29,,NO,0,dataset_A,2026-05-15 16:41:45,338
A000339,Linda,Brown,linda.brown455@gmail.com,(955) 217-6450,1978-05-24,,CD,Active,31080.77,42894.52,21512.7,385,22,Southeast,US,VT,76252,Mail,2023-01-07,account_open_date,YES,1,dataset_A,2026-05-15 16:41:45,339
A000340,Daniel,Davis,daniel.davis350@hotmail.com,(292) 386-2415,2003-01-13,2007-08-06,Money Market,Suspended,56601.41,34814.61,8589.88,495,377,Northeast,US,MO,47627,Branch,2024-10-08,,NO,0,dataset_A,2026-05-15 16:41:45,340
A000341,Richard,Moore,richard.moore905@yahoo.com,(792) 572-6715,1996-12-04,2007-08-25,IRA,Suspended,17299.76,14746.62,14654.54,595,358,West,US,WV,45251,Online,2024-03-07,,NO,0,dataset_A,2026-05-15 16:41:45,341
A000342,Thomas,Williams,thomas.williams945@gmail.com,(777) 586-1554,1959-05-21,2000-05-09,Money Market,Closed,51461.5,31555.68,28815.03,778,,Southwest,US,PA,85492,Agent,2025-03-28,,NO,0,dataset_A,2026-05-15 16:41:45,342
A000343,Thomas,White,thomas.white616@outlook.com,(719) 310-7897,1974-03-02,2001-04-12,Money Market,Pending,47997.04,20057.66,3980.69,442,170,Northeast,US,CO,50537,Social Media,2024-12-09,,NO,0,dataset_A,2026-05-15 16:41:45,343
A000344,Ashley,Smith,ashley.smith675@yahoo.com,(647) 292-5009,,2015-06-18,CD,Inactive,19640.86,8603.42,7152.43,398,162,Southeast,US,MT,52875,Referral,2025-05-19,,NO,0,dataset_A,2026-05-15 16:41:45,344
A000345,Robert,Thompson,robert.thompson501@icloud.com,(713) 201-7523,1970-08-23,2001-12-25,Checking,Closed,2203.08,44279.41,6675.01,,91,West,US,CT,70938,Social Media,2023-07-27,,NO,0,dataset_A,2026-05-15 16:41:45,345
A000346,James,Hernandez,james.hernandez327@yahoo.com,(611) 632-1893,1973-03-16,2020-03-13,CD,Closed,57255.56,19199.51,2144.05,734,196,Northeast,US,GA,10911,Referral,2024-06-12,,NO,0,dataset_A,2026-05-15 16:41:45,346
A000347,Michelle,Robinson,michelle.robinson446@gmail.com,(813) 902-7050,1980-04-10,2001-01-20,Money Market,Closed,46208.7,1992.22,,665,272,Southeast,US,ID,21016,Phone,2023-10-24,,NO,0,dataset_A,2026-05-15 16:41:45,347
A000348,Karen,Thompson,karen.thompson996@hotmail.com,,1983-06-12,2004-07-14,Checking,Closed,68743.69,12205.04,,381,221,Southeast,US,OR,44206,Referral,2024-05-14,,NO,0,dataset_A,2026-05-15 16:41:45,348
A000349,Betty,Torres,betty.torres485@yahoo.com,(887) 246-7531,,2000-11-02,Money Market,Closed,75952.26,21847.28,13869.89,,113,Midwest,US,WA,89864,Social Media,2025-05-11,,NO,0,dataset_A,2026-05-15 16:41:45,349
A000350,Paul,Harris,paul.harris488@icloud.com,(960) 710-4451,1965-04-02,2018-01-27,IRA,Active,763.01,17029.8,5880.38,842,149,Southwest,US,UT,71260,Online,2023-12-08,,NO,0,dataset_A,2026-05-15 16:41:45,350
A000351,Sandra,Clark,sandra.clark784@gmail.com,(750) 334-7200,1961-01-29,2009-06-24,Savings,Inactive,75014.54,14194.38,13894.83,660,214,Midwest,US,MA,57602,Agent,2024-10-12,,NO,0,dataset_A,2026-05-15 16:41:45,351
A000352,Margaret,Anderson,margaret.anderson880@hotmail.com,,1991-08-19,2004-05-29,CD,Suspended,49230.74,23195.7,14355.26,815,306,Southwest,US,AK,52601,Phone,2025-08-24,,NO,0,dataset_A,2026-05-15 16:41:45,352
A000353,Betty,Johnson,betty.johnson761@icloud.com,(365) 668-7046,1971-06-21,2008-12-17,Checking,Active,88293.0,32705.8,8014.46,547,498,Northeast,US,RI,53418,Social Media,2023-11-23,,NO,0,dataset_A,2026-05-15 16:41:45,353
A000354,Robert,Smith,robert.smith767@gmail.com,(627) 466-9803,2004-06-15,2001-01-23,Checking,Closed,68043.37,20317.34,,823,225,Northeast,US,CT,29134,Social Media,2023-08-17,,NO,0,dataset_A,2026-05-15 16:41:45,354
A000355,Anthony,Perez,anthony.perez146@yahoo.com,(926) 703-5009,1980-09-21,2014-10-31,IRA,Closed,79453.09,10504.25,1554.88,526,288,Midwest,US,MD,30749,Phone,2025-08-31,,NO,0,dataset_A,2026-05-15 16:41:45,355
A000356,Charles,Martinez,,(797) 510-3430,1973-04-10,2023-03-08,Savings,Closed,14225.88,14616.64,7324.33,687,248,West,US,NM,32988,Mail,2023-01-30,email,YES,1,dataset_A,2026-05-15 16:41:45,356
A000357,Nancy,Anderson,nancy.anderson317@yahoo.com,(565) 710-8525,1951-02-04,2023-07-06,Money Market,Active,22043.15,13915.78,4585.46,847,275,Northeast,US,NH,84278,Phone,2024-06-08,,NO,0,dataset_A,2026-05-15 16:41:45,357
A000358,Sarah,Anderson,sarah.anderson707@hotmail.com,(950) 265-3171,1955-06-18,2021-05-29,Checking,Closed,17331.78,48968.87,23421.76,787,277,West,US,NY,49316,,2023-08-17,,NO,0,dataset_A,2026-05-15 16:41:45,358
A000359,Richard,Nguyen,richard.nguyen826@icloud.com,(846) 380-6384,1996-02-18,2013-06-10,Savings,Closed,75432.08,49611.88,15320.35,486,163,West,US,NM,74983,Branch,2025-06-03,,NO,0,dataset_A,2026-05-15 16:41:45,359
A000360,Mark,Perez,mark.perez654@icloud.com,(512) 527-9690,1976-12-02,2006-12-07,CD,Inactive,82167.05,9679.78,1521.01,785,403,Midwest,US,IA,44452,Mail,2024-09-13,,NO,0,dataset_A,2026-05-15 16:41:45,360
A000361,Nancy,Thompson,nancy.thompson850@outlook.com,(613) 256-7697,1962-07-22,2000-11-15,Money Market,Closed,44695.64,,16818.83,504,316,Midwest,US,CT,19755,Branch,2025-09-09,,NO,0,dataset_A,2026-05-15 16:41:45,361
A000362,John,Harris,john.harris705@hotmail.com,(550) 482-9812,1975-07-02,2003-04-27,CD,Inactive,24609.54,49346.46,28329.22,748,293,Midwest,US,OK,79602,Social Media,2023-02-14,,NO,0,dataset_A,2026-05-15 16:41:45,362
A000363,Robert,Lee,robert.lee981@outlook.com,(671) 570-6456,1973-03-28,2001-01-14,CD,Suspended,90462.9,22292.02,1070.71,824,289,Northeast,US,NC,52869,Social Media,2024-08-01,,NO,0,dataset_A,2026-05-15 16:41:45,363
A000364,Robert,Jones,robert.jones579@gmail.com,(289) 787-8675,1967-02-16,2019-05-01,Savings,Closed,97409.87,39029.41,13262.57,742,205,Northeast,US,SC,61111,,2025-05-24,,NO,0,dataset_A,2026-05-15 16:41:45,364
A000365,Joseph,Nguyen,joseph.nguyen691@outlook.com,(932) 790-3500,1963-04-21,2004-07-11,Checking,Inactive,53002.61,32680.64,10701.64,535,103,Southwest,US,LA,40537,Branch,2023-02-25,,NO,0,dataset_A,2026-05-15 16:41:45,365
A000366,Mark,Davis,,(608) 403-4369,2002-12-14,2007-11-08,IRA,Active,2055.1,43376.64,40804.22,666,162,Southeast,US,CO,76441,Referral,2025-11-07,email,YES,1,dataset_A,2026-05-15 16:41:45,366
A000367,Mary,Smith,mary.smith390@hotmail.com,(644) 867-5926,1957-07-30,,Money Market,Active,39730.99,42874.65,24206.14,459,240,Northeast,US,RI,37502,Social Media,2024-08-23,account_open_date,YES,1,dataset_A,2026-05-15 16:41:45,367
A000368,David,Clark,david.clark177@yahoo.com,(312) 366-1491,1977-06-17,2011-11-23,Checking,Closed,,,44093.8,686,369,Southeast,US,CT,11958,Referral,2023-07-08,balance_amount,YES,1,dataset_A,2026-05-15 16:41:45,368
A000369,Linda,Walker,linda.walker476@hotmail.com,(518) 687-8692,1973-01-16,2024-03-22,Checking,Suspended,85542.11,26836.36,15329.99,827,482,Northeast,US,WV,22424,Agent,2023-08-04,,NO,0,dataset_A,2026-05-15 16:41:45,369
A000370,Susan,Martin,susan.martin337@hotmail.com,(334) 535-7914,1963-01-11,2001-07-14,CD,Active,66669.81,25995.85,372.31,543,,Southwest,US,MN,34608,Agent,2025-04-10,,NO,0,dataset_A,2026-05-15 16:41:45,370
A000371,Ashley,Flores,ashley.flores270@icloud.com,(390) 461-6586,1993-09-21,2004-04-30,IRA,Closed,43706.23,37248.02,23924.13,429,499,Northeast,US,DE,82150,Agent,2024-12-12,,NO,0,dataset_A,2026-05-15 16:41:45,371
A000372,Emily,Garcia,emily.garcia990@icloud.com,(896) 427-1273,1981-10-02,2006-10-22,IRA,Active,17852.54,41001.33,9447.67,843,81,Southeast,US,SD,93140,Social Media,2023-11-08,,NO,0,dataset_A,2026-05-15 16:41:45,372
A000373,Michelle,Ramirez,michelle.ramirez879@yahoo.com,(631) 687-8667,1976-11-30,2024-12-05,IRA,Pending,27481.35,47952.84,19678.67,464,413,Southeast,US,MT,30898,Agent,2024-02-01,,NO,0,dataset_A,2026-05-15 16:41:45,373
A000374,Robert,Anderson,robert.anderson987@outlook.com,(410) 654-3333,1979-05-19,2023-05-09,IRA,Suspended,13614.25,20072.03,16504.03,765,450,Midwest,US,LA,15370,Mail,2024-06-07,,NO,0,dataset_A,2026-05-15 16:41:45,374
A000375,Sandra,Nguyen,sandra.nguyen173@hotmail.com,(813) 571-4953,1994-05-14,2018-11-30,Money Market,Closed,75725.18,11231.67,3693.31,557,,Southeast,US,PA,74877,Branch,2024-06-28,,NO,0,dataset_A,2026-05-15 16:41:45,375
A000376,Dorothy,Scott,dorothy.scott622@icloud.com,(804) 858-2615,1960-07-16,2018-12-03,Checking,Closed,37270.15,25948.34,11955.52,338,416,Southwest,US,TX,13360,Branch,2023-02-19,,NO,0,dataset_A,2026-05-15 16:41:45,376
A000377,Michael,Jackson,michael.jackson943@hotmail.com,(552) 560-5074,1954-04-16,2011-10-21,IRA,Closed,80090.47,36452.87,28468.53,811,170,West,US,WV,39828,Referral,2023-07-27,,NO,0,dataset_A,2026-05-15 16:41:45,377
A000378,Margaret,Lee,margaret.lee637@hotmail.com,(545) 648-6922,,2013-12-05,IRA,Closed,63767.24,37828.22,15054.54,503,364,Southwest,US,KY,29105,Agent,2024-12-25,,NO,0,dataset_A,2026-05-15 16:41:45,378
A000379,Matthew,Miller,matthew.miller866@outlook.com,(451) 761-3539,1974-07-25,2009-10-27,CD,Inactive,61148.71,48537.26,46818.58,794,212,West,US,IL,64044,Branch,2025-03-29,,NO,0,dataset_A,2026-05-15 16:41:45,379
A000380,Matthew,Taylor,matthew.taylor724@outlook.com,,1978-11-10,2024-02-23,IRA,Suspended,80244.32,13177.87,10888.79,656,330,Southeast,US,NJ,45275,Phone,2025-07-31,,NO,0,dataset_A,2026-05-15 16:41:45,380
A000381,Donna,Ramirez,donna.ramirez67@yahoo.com,(923) 351-2044,1955-11-14,2011-04-21,IRA,Suspended,1722.58,22423.41,2990.31,762,356,Midwest,US,IA,84692,Social Media,2025-04-13,,NO,0,dataset_A,2026-05-15 16:41:45,381
A000382,Donna,Lee,donna.lee884@gmail.com,(272) 828-2042,1964-06-18,2008-01-17,CD,Active,97074.3,2648.55,1068.84,696,195,Southeast,US,MI,33984,Online,2023-12-30,,NO,0,dataset_A,2026-05-15 16:41:45,382
A000383,Thomas,Young,thomas.young93@yahoo.com,(662) 969-2540,1951-10-31,2024-12-27,Checking,Inactive,,,,683,489,West,US,NY,33827,Phone,2024-12-08,balance_amount,YES,1,dataset_A,2026-05-15 16:41:45,383
A000384,Barbara,Hill,barbara.hill384@icloud.com,(655) 231-1635,1960-10-16,2004-10-31,IRA,Pending,17281.29,22034.88,4256.25,645,475,Southwest,US,NH,25254,Agent,2024-11-23,,NO,0,dataset_A,2026-05-15 16:41:45,384
A000385,Sarah,Young,sarah.young193@hotmail.com,(875) 924-2618,1958-02-28,2023-08-27,IRA,Pending,3679.83,2931.21,588.97,758,149,Southwest,US,MT,67034,Mail,2023-02-18,,NO,0,dataset_A,2026-05-15 16:41:45,385
A000386,Emily,Walker,emily.walker625@hotmail.com,(740) 242-4081,1977-07-21,2024-05-07,Checking,Pending,,49614.37,17452.63,744,268,West,US,MS,99277,,2023-07-22,balance_amount,YES,1,dataset_A,2026-05-15 16:41:45,386
A000387,Joseph,Lee,joseph.lee75@yahoo.com,,1979-09-04,2010-03-30,CD,Active,49275.16,28557.27,17755.88,732,363,Midwest,US,IN,95634,Agent,,,NO,0,dataset_A,2026-05-15 16:41:45,387
A000388,Matthew,Moore,matthew.moore863@yahoo.com,(912) 985-8358,1970-01-02,2005-03-03,CD,Active,81580.83,24410.82,23031.68,707,146,West,US,KY,24220,Social Media,2024-02-18,,NO,0,dataset_A,2026-05-15 16:41:45,388
A000389,Dorothy,Gonzalez,dorothy.gonzalez131@icloud.com,(388) 285-2104,2005-03-15,2006-05-27,Checking,Pending,99553.63,23447.85,4934.16,314,174,Midwest,US,ID,55890,Mail,2023-04-26,,NO,0,dataset_A,2026-05-15 16:41:45,389
A000390,Charles,Allen,charles.allen66@yahoo.com,(271) 451-9659,1964-06-14,2014-03-30,Checking,Suspended,17988.3,,7035.84,339,53,Northeast,US,MO,10448,,2023-09-03,,NO,0,dataset_A,2026-05-15 16:41:45,390
A000391,John,Torres,john.torres559@gmail.com,(902) 830-7336,1971-04-28,2011-03-20,CD,Suspended,1489.23,41199.92,22101.89,447,374,Southwest,US,KY,31013,Referral,2025-06-03,,NO,0,dataset_A,2026-05-15 16:41:45,391
A000392,Ashley,Clark,ashley.clark728@icloud.com,(615) 631-7844,1990-07-31,2020-10-16,CD,Inactive,85094.21,49374.47,10712.25,499,373,West,US,MS,70735,Phone,2025-04-16,,NO,0,dataset_A,2026-05-15 16:41:45,392
A000393,Jessica,Sanchez,jessica.sanchez145@hotmail.com,(838) 622-1833,1980-04-18,2017-03-28,CD,Active,10419.34,32611.87,21751.91,459,294,Southeast,US,GA,63908,Referral,2023-09-25,,NO,0,dataset_A,2026-05-15 16:41:45,393
A000394,Michelle,,michelle.king753@gmail.com,(292) 520-6844,1963-07-06,2002-12-17,Money Market,Pending,67457.04,39348.11,13324.09,610,287,Southeast,US,HI,64419,Online,2025-04-19,last_name,YES,1,dataset_A,2026-05-15 16:41:45,394
A000395,Donald,Moore,donald.moore707@yahoo.com,(338) 590-8746,1965-04-17,2016-04-03,Savings,Suspended,97600.54,33193.45,31421.06,647,453,Southeast,US,FL,91793,Referral,2023-11-03,,NO,0,dataset_A,2026-05-15 16:41:45,395
A000396,Richard,Lee,richard.lee300@gmail.com,(373) 573-5140,1975-02-22,2001-01-19,Savings,Active,35148.54,49178.55,12939.54,,337,West,US,AZ,27124,Social Media,2023-01-22,,NO,0,dataset_A,2026-05-15 16:41:45,396
A000397,Lisa,Harris,lisa.harris205@hotmail.com,(724) 634-7671,1961-11-15,2024-10-11,Money Market,Active,37691.7,1799.16,152.56,626,458,Southeast,US,WI,24031,Branch,2025-02-03,,NO,0,dataset_A,2026-05-15 16:41:45,397
A000398,Sarah,Garcia,sarah.garcia885@gmail.com,(359) 796-8549,1979-09-08,2005-06-21,Savings,Active,469.35,672.36,61.58,538,367,Midwest,US,SD,79380,Branch,2024-02-09,,NO,0,dataset_A,2026-05-15 16:41:45,398
A000399,Joshua,Lopez,joshua.lopez481@outlook.com,(281) 380-4239,1998-08-17,2005-07-24,Savings,Inactive,73022.26,29590.6,6738.24,603,259,Southeast,US,NV,42892,Social Media,,,NO,0,dataset_A,2026-05-15 16:41:45,399
A000400,Charles,Hernandez,charles.hernandez67@gmail.com,,1978-07-26,2016-03-19,Checking,Pending,5809.69,17211.16,7758.57,791,153,Midwest,US,OH,34941,Branch,2023-03-29,,NO,0,dataset_A,2026-05-15 16:41:45,400
A000401,Ashley,Robinson,ashley.robinson333@hotmail.com,(629) 225-3284,1984-03-22,2016-05-27,Savings,Inactive,46094.2,44954.48,4263.76,453,,Southeast,US,MD,82001,Referral,2025-09-23,,NO,0,dataset_A,2026-05-15 16:41:45,401
A000402,Sandra,Ramirez,sandra.ramirez971@yahoo.com,(922) 688-5740,1996-07-16,,Savings,Closed,48477.89,33289.46,14281.09,432,174,Southeast,US,MS,84098,,2025-01-27,account_open_date,YES,1,dataset_A,2026-05-15 16:41:45,402
A000403,Christopher,Anderson,christopher.anderson932@outlook.com,(539) 915-4184,1978-11-15,2010-04-08,Savings,Inactive,63204.08,45092.0,874.66,397,75,Northeast,US,ND,74348,Mail,2024-06-28,,NO,0,dataset_A,2026-05-15 16:41:45,403
A000404,Richard,Moore,,(835) 694-3394,1978-09-17,2024-01-21,Savings,Pending,36060.14,38887.96,2355.17,836,144,Southwest,US,NV,11430,Referral,,email,YES,1,dataset_A,2026-05-15 16:41:45,404
A000405,Jennifer,White,jennifer.white477@yahoo.com,(480) 666-5521,2004-06-01,2005-10-06,Checking,Active,44391.85,19100.97,7044.86,684,321,Midwest,US,MT,33330,Referral,2023-03-12,,NO,0,dataset_A,2026-05-15 16:41:45,405
A000406,Andrew,Torres,andrew.torres41@icloud.com,(355) 304-9565,1971-01-31,2016-01-07,Money Market,Active,5113.85,35863.51,18816.84,705,280,Southeast,US,NH,30848,Online,2024-06-18,,NO,0,dataset_A,2026-05-15 16:41:45,406
A000407,Emily,Johnson,emily.johnson54@yahoo.com,(340) 712-6234,1985-07-05,2012-12-28,CD,Pending,47608.67,2108.79,75.93,,297,West,US,HI,62059,Branch,2023-01-16,,NO,0,dataset_A,2026-05-15 16:41:45,407
A000408,Charles,Moore,charles.moore570@outlook.com,(534) 466-7432,,2022-12-16,Checking,Active,50843.4,7993.17,7458.3,605,345,West,US,MD,57308,,2024-05-31,,NO,0,dataset_A,2026-05-15 16:41:45,408
A000409,Lisa,Smith,lisa.smith222@yahoo.com,(600) 816-3707,1993-01-29,2011-02-23,Checking,Active,85965.98,10317.63,9768.6,610,373,Southeast,US,CT,17017,Referral,2024-01-26,,NO,0,dataset_A,2026-05-15 16:41:45,409
A000410,Betty,Jones,betty.jones287@hotmail.com,(667) 409-2971,1952-09-22,2005-01-18,CD,Pending,65189.41,14873.5,335.53,364,78,Southwest,US,UT,59469,,2025-08-11,,NO,0,dataset_A,2026-05-15 16:41:45,410
A000411,James,Torres,james.torres919@gmail.com,(407) 473-1399,1966-11-15,2000-02-01,IRA,Suspended,65489.31,47971.44,37991.64,348,45,Southwest,US,NM,81380,Branch,2025-01-30,,NO,0,dataset_A,2026-05-15 16:41:45,411
A000412,Barbara,Lee,barbara.lee753@outlook.com,(351) 888-9102,1986-08-03,2003-11-17,Savings,Closed,40403.67,29010.59,13077.07,468,175,Southeast,US,RI,54780,Phone,2023-11-23,,NO,0,dataset_A,2026-05-15 16:41:45,412
A000413,Jessica,Sanchez,jessica.sanchez84@hotmail.com,(460) 763-3698,1980-01-17,2016-09-29,IRA,Suspended,88012.66,49525.2,20206.2,408,329,Southeast,US,VA,10078,Social Media,2023-08-09,,NO,0,dataset_A,2026-05-15 16:41:45,413
A000414,Robert,Martin,robert.martin248@hotmail.com,(216) 231-5846,1966-08-30,2011-05-15,CD,Closed,29937.19,,3140.91,513,317,Southwest,US,SD,90583,,2023-03-06,,NO,0,dataset_A,2026-05-15 16:41:45,414
A000415,Mary,Taylor,mary.taylor718@hotmail.com,(835) 559-9033,1984-02-02,2003-11-23,Checking,Active,86048.07,19187.76,12113.21,688,123,Southwest,US,AZ,52319,Referral,2025-07-13,,NO,0,dataset_A,2026-05-15 16:41:45,415
A000416,Michael,Smith,michael.smith701@yahoo.com,(385) 674-5501,1984-10-28,2002-03-09,IRA,Suspended,59139.62,33762.13,,639,351,Northeast,US,IL,73195,Mail,2025-03-04,,NO,0,dataset_A,2026-05-15 16:41:45,416
A000417,Susan,Harris,susan.harris45@outlook.com,(655) 917-2902,1962-06-28,2001-01-22,CD,Active,17859.12,17003.52,6262.2,728,142,Southwest,US,CA,18542,Online,2025-01-02,,NO,0,dataset_A,2026-05-15 16:41:45,417
A000418,Sarah,Rodriguez,sarah.rodriguez124@gmail.com,(582) 770-5309,1966-08-23,2001-10-13,Money Market,Inactive,15780.53,28521.03,10605.79,312,340,West,US,AL,49759,Social Media,2024-05-14,,NO,0,dataset_A,2026-05-15 16:41:45,418
A000419,Richard,Walker,richard.walker490@hotmail.com,(272) 349-3080,1963-01-17,2003-04-04,CD,Closed,21019.31,8620.9,3503.46,343,399,Southeast,US,TX,58979,Mail,2024-04-05,,NO,0,dataset_A,2026-05-15 16:41:45,419
A000420,Donald,Flores,donald.flores973@icloud.com,(494) 709-2229,1952-10-09,2003-10-22,Savings,Active,88818.79,32302.05,15004.53,649,274,Midwest,US,NM,77035,Mail,2023-10-09,,NO,0,dataset_A,2026-05-15 16:41:45,420
A000421,Dorothy,Perez,dorothy.perez546@icloud.com,(808) 725-4732,1979-01-31,2015-08-20,Money Market,Pending,61444.85,3146.72,1880.98,492,455,Midwest,US,IL,99912,Referral,2024-10-19,,NO,0,dataset_A,2026-05-15 16:41:45,421
A000422,Donna,King,donna.king178@gmail.com,(545) 387-9142,1985-02-18,2020-08-04,Money Market,Pending,72321.57,43807.28,16496.16,,415,Southwest,US,NJ,82174,Phone,2025-11-12,,NO,0,dataset_A,2026-05-15 16:41:45,422
A000423,Karen,Brown,karen.brown438@hotmail.com,,1974-11-19,2012-01-15,CD,Inactive,,23818.41,2654.13,583,123,West,US,RI,84791,Social Media,2024-12-25,balance_amount,YES,1,dataset_A,2026-05-15 16:41:45,423
A000424,Emily,Nguyen,,(293) 784-5419,1961-03-05,2018-03-25,IRA,Inactive,16770.15,48319.99,,745,307,Southwest,US,IN,40432,Online,2025-04-16,email,YES,1,dataset_A,2026-05-15 16:41:45,424
A000425,Barbara,Harris,barbara.harris872@icloud.com,(647) 736-6608,1994-10-09,2019-11-01,Savings,Active,74944.77,1151.33,434.82,512,180,Southeast,US,VA,48099,Branch,2025-08-19,,NO,0,dataset_A,2026-05-15 16:41:45,425
A000426,Andrew,Thomas,andrew.thomas661@gmail.com,(702) 646-8296,1958-01-10,2010-04-02,Money Market,Suspended,44950.7,40005.03,23422.73,843,433,Southwest,US,MS,16288,Social Media,2023-11-22,,NO,0,dataset_A,2026-05-15 16:41:45,426
A000427,Emily,Brown,emily.brown257@gmail.com,(390) 434-7708,1996-09-12,2004-02-20,Savings,Closed,52288.01,12757.27,11416.76,500,39,Northeast,US,LA,33426,Phone,2025-08-05,,NO,0,dataset_A,2026-05-15 16:41:45,427
A000428,Susan,Martinez,susan.martinez547@yahoo.com,(221) 712-9265,1985-05-01,2021-01-15,Savings,Pending,24187.48,437.32,122.13,479,365,West,US,WI,15540,Online,2023-10-06,,NO,0,dataset_A,2026-05-15 16:41:45,428
A000429,Kimberly,Young,kimberly.young694@hotmail.com,(732) 562-7638,1996-12-18,2022-06-01,Savings,Active,54806.73,36311.75,10836.96,722,153,Midwest,US,NY,36044,,2023-10-29,,NO,0,dataset_A,2026-05-15 16:41:45,429
A000430,William,Martin,william.martin406@yahoo.com,(929) 676-7087,1991-07-26,2002-04-21,Checking,Closed,13802.69,45025.18,40945.54,743,150,West,US,OK,72535,Online,2025-09-08,,NO,0,dataset_A,2026-05-15 16:41:45,430
A000431,Richard,Martin,richard.martin945@icloud.com,(225) 721-4583,1983-04-23,2014-12-25,IRA,Closed,16177.51,49604.98,25645.65,748,221,Northeast,US,TX,81826,Agent,2025-11-02,,NO,0,dataset_A,2026-05-15 16:41:45,431
A000432,Barbara,Harris,barbara.harris339@hotmail.com,(831) 593-5518,1953-10-04,2005-12-18,Savings,Suspended,73010.71,31760.23,13558.81,,83,Midwest,US,WA,73263,,2023-12-06,,NO,0,dataset_A,2026-05-15 16:41:45,432
A000433,Jennifer,Robinson,jennifer.robinson832@outlook.com,(771) 761-6416,1979-04-18,2023-04-30,IRA,Inactive,61488.23,,13329.86,607,370,Northeast,US,PA,49366,Social Media,2023-08-07,,NO,0,dataset_A,2026-05-15 16:41:45,433
A000434,Joseph,Thomas,joseph.thomas476@yahoo.com,(780) 539-5900,1964-07-29,2002-12-22,Checking,Suspended,92568.19,34869.09,14443.58,641,60,Southwest,US,NY,61949,Phone,2025-05-30,,NO,0,dataset_A,2026-05-15 16:41:45,434
A000435,Michelle,Hernandez,michelle.hernandez345@yahoo.com,(955) 208-3458,1994-03-14,,Checking,Inactive,59597.21,29672.3,20139.77,665,44,Midwest,US,MI,23103,Online,2023-06-18,account_open_date,YES,1,dataset_A,2026-05-15 16:41:45,435
A000436,Richard,Hernandez,richard.hernandez919@hotmail.com,(273) 827-5660,1991-06-24,2007-01-22,IRA,Active,82331.19,24518.0,6955.68,646,355,Southwest,US,MN,76699,Referral,2025-04-01,,NO,0,dataset_A,2026-05-15 16:41:45,436
A000437,Sarah,Martin,sarah.martin683@outlook.com,(320) 351-2764,1961-04-25,2012-09-02,IRA,Inactive,20660.0,23064.34,2828.11,609,107,Northeast,US,MS,30516,Mail,,,NO,0,dataset_A,2026-05-15 16:41:45,437
A000438,Matthew,Lopez,matthew.lopez833@hotmail.com,(534) 963-7919,2000-10-30,2007-05-13,CD,Closed,46082.15,48327.63,11599.76,584,369,Northeast,US,WY,11209,Agent,2024-12-03,,NO,0,dataset_A,2026-05-15 16:41:45,438
A000439,James,Miller,james.miller495@icloud.com,(480) 743-7401,2002-12-23,2008-10-27,Checking,Suspended,19772.18,7390.29,2144.61,,9,Northeast,US,NM,64689,Mail,2024-04-17,,NO,0,dataset_A,2026-05-15 16:41:45,439
A000440,Joseph,Lewis,joseph.lewis272@outlook.com,(604) 471-1070,1953-08-21,2020-02-25,CD,Active,89097.08,42608.24,11659.09,,393,Northeast,US,NY,86044,Branch,2024-08-11,,NO,0,dataset_A,2026-05-15 16:41:45,440
A000441,,Scott,matthew.scott744@outlook.com,(691) 221-2629,1973-03-01,2011-07-14,CD,Inactive,17312.29,32805.13,25098.97,370,79,Northeast,US,KS,18648,Social Media,2024-07-07,first_name,YES,1,dataset_A,2026-05-15 16:41:45,441
A000442,Mark,Perez,mark.perez125@icloud.com,(484) 285-6836,1981-09-09,2008-06-28,Checking,Pending,76482.98,38976.88,3368.55,449,267,West,US,IL,72742,Social Media,2023-03-03,,NO,0,dataset_A,2026-05-15 16:41:45,442
A000443,Sandra,Miller,sandra.miller827@icloud.com,(800) 965-2096,1970-05-06,2022-03-05,CD,Closed,77474.15,20122.97,844.45,303,8,Midwest,US,TN,54397,Mail,2023-01-16,,NO,0,dataset_A,2026-05-15 16:41:45,443
A000444,Jennifer,Rodriguez,jennifer.rodriguez864@gmail.com,(764) 943-6582,1952-11-30,2013-12-30,Money Market,Active,59262.17,28070.61,8426.94,440,417,Southeast,US,LA,54556,Social Media,2023-06-02,,NO,0,dataset_A,2026-05-15 16:41:45,444
A000445,Dorothy,Martin,dorothy.martin757@outlook.com,(340) 737-2640,1958-07-16,2014-04-12,Savings,Pending,40390.52,1307.39,361.51,381,281,West,US,MD,82399,Agent,2025-04-06,,NO,0,dataset_A,2026-05-15 16:41:45,445
A000446,Anthony,Garcia,anthony.garcia674@outlook.com,(309) 688-1696,1982-05-26,2011-11-09,IRA,Inactive,26539.34,2602.67,1687.79,406,8,Southeast,US,HI,99449,Phone,2025-04-15,,NO,0,dataset_A,2026-05-15 16:41:45,446
A000447,Karen,Torres,karen.torres814@yahoo.com,(740) 499-6640,2003-01-01,2012-11-26,Checking,Suspended,49011.61,11895.59,17.28,495,353,Southeast,US,TN,86048,Online,2024-05-24,,NO,0,dataset_A,2026-05-15 16:41:45,447
A000448,Joseph,Thomas,joseph.thomas763@gmail.com,(788) 202-4443,1951-03-27,2009-04-03,Checking,Closed,72990.87,34203.41,22557.84,754,439,Southeast,US,MO,56291,Branch,2024-05-12,,NO,0,dataset_A,2026-05-15 16:41:45,448
A000449,Karen,Ramirez,karen.ramirez51@outlook.com,(669) 736-5736,1959-11-28,2012-07-12,Checking,Suspended,-192.73,23179.13,13594.2,529,352,Southwest,US,MO,45342,Branch,,,NO,0,dataset_A,2026-05-15 16:41:45,449
A000450,Dorothy,Harris,dorothy.harris225@icloud.com,(906) 301-5453,1996-05-03,2000-11-28,Checking,Inactive,50724.62,46698.81,11408.25,842,321,West,US,AL,29542,Online,2025-05-09,,NO,0,dataset_A,2026-05-15 16:41:45,450
A000451,Donald,Gonzalez,donald.gonzalez192@gmail.com,(404) 843-7585,2003-12-21,2004-04-23,Savings,Inactive,73128.2,36044.04,12863.42,845,116,West,US,AK,19996,Online,2023-10-08,,NO,0,dataset_A,2026-05-15 16:41:45,451
A000452,John,Wilson,john.wilson479@hotmail.com,(935) 338-4616,1969-08-07,2011-07-03,CD,Active,53265.56,36930.77,32861.06,395,121,Northeast,US,KY,88423,Phone,2024-05-08,,NO,0,dataset_A,2026-05-15 16:41:45,452
A000453,Karen,Wright,karen.wright172@gmail.com,(302) 290-9252,,2016-01-04,Savings,Active,92585.94,24477.47,13993.87,497,80,Northeast,US,WA,33513,Branch,2024-02-09,,NO,0,dataset_A,2026-05-15 16:41:45,453
A000454,Patricia,Lewis,patricia.lewis232@icloud.com,(979) 506-8074,1955-09-05,2000-05-04,IRA,Inactive,13018.76,5893.81,639.62,516,212,Southeast,US,VT,31782,Referral,2025-12-23,,NO,0,dataset_A,2026-05-15 16:41:45,454
A000455,Donna,Perez,donna.perez908@hotmail.com,(635) 376-8292,1973-05-07,2000-11-24,CD,Pending,15318.41,49860.88,28989.24,429,117,West,US,DE,83408,Mail,2023-10-04,,NO,0,dataset_A,2026-05-15 16:41:45,455
A000456,Paul,Anderson,paul.anderson819@yahoo.com,(751) 765-2369,1998-03-24,2014-11-23,Savings,Active,23668.53,2537.91,521.03,525,45,West,US,NH,19363,Mail,2023-06-14,,NO,0,dataset_A,2026-05-15 16:41:45,456
A000457,Ashley,,ashley.hernandez698@outlook.com,(907) 224-1497,1964-10-18,2003-08-21,CD,Active,99271.56,16884.07,10933.24,326,180,Northeast,US,NC,94621,Referral,2024-06-18,last_name,YES,1,dataset_A,2026-05-15 16:41:45,457
A000458,Barbara,Hill,barbara.hill685@icloud.com,(981) 495-9215,1953-10-23,2001-10-23,Checking,Active,53771.34,,12719.27,649,370,West,US,GA,63108,Mail,2024-04-27,,NO,0,dataset_A,2026-05-15 16:41:45,458
A000459,Karen,Allen,karen.allen234@outlook.com,(947) 242-1645,1954-10-04,2018-05-26,IRA,Suspended,36641.41,2449.9,41.63,838,33,Northeast,US,DE,61337,Referral,2023-09-12,,NO,0,dataset_A,2026-05-15 16:41:45,459
A000460,James,Taylor,james.taylor641@outlook.com,(454) 728-4176,1966-11-03,2017-12-05,Checking,Inactive,96196.28,32188.87,9500.58,614,,Southeast,US,MS,79248,Mail,2024-09-26,,NO,0,dataset_A,2026-05-15 16:41:45,460
A000461,John,Harris,john.harris299@hotmail.com,(391) 612-4753,1983-02-09,2008-05-21,Checking,Active,15245.54,47307.09,37471.65,825,417,Northeast,US,WY,39604,Agent,2024-05-09,,NO,0,dataset_A,2026-05-15 16:41:45,461
A000462,Kimberly,Lopez,kimberly.lopez851@outlook.com,(904) 548-1615,1955-02-28,2009-09-11,Money Market,Inactive,32820.9,48623.81,15320.09,704,413,Northeast,US,CO,22396,Agent,2025-12-13,,NO,0,dataset_A,2026-05-15 16:41:45,462
A000463,Linda,Wright,linda.wright50@icloud.com,(337) 614-6292,1953-07-08,2003-06-12,IRA,Pending,97546.82,12054.82,11951.41,812,398,West,US,AL,11398,Branch,2023-02-24,,NO,0,dataset_A,2026-05-15 16:41:45,463
A000464,Nancy,Clark,nancy.clark115@icloud.com,(683) 852-9148,1975-06-13,2018-08-21,Savings,Suspended,12354.65,29859.83,3999.02,618,413,West,US,SD,85370,Referral,2024-08-21,,NO,0,dataset_A,2026-05-15 16:41:45,464
A000465,Kimberly,Walker,kimberly.walker352@gmail.com,(420) 821-9287,1971-07-18,2015-02-23,Money Market,Active,58448.99,37826.06,11118.91,717,21,Northeast,US,WY,54235,Branch,2025-03-20,,NO,0,dataset_A,2026-05-15 16:41:45,465
A000466,John,,john.king711@gmail.com,(256) 732-4328,1985-09-10,2001-03-22,CD,Active,11209.52,6439.32,643.58,523,174,Southwest,US,NC,82127,Branch,2023-08-11,last_name,YES,1,dataset_A,2026-05-15 16:41:45,466
A000467,Dorothy,Ramirez,dorothy.ramirez782@icloud.com,(967) 241-2897,1999-10-01,2020-01-26,Savings,Suspended,64237.17,7129.79,5252.22,,330,Northeast,US,AR,23431,Agent,2023-02-06,,NO,0,dataset_A,2026-05-15 16:41:45,467
A000468,Steven,White,,(461) 796-3713,2003-08-21,2018-11-15,CD,Closed,70608.5,40164.33,30504.59,767,267,West,US,MS,85927,Mail,2024-05-23,email,YES,1,dataset_A,2026-05-15 16:41:45,468
A000469,Michael,Jackson,michael.jackson22@icloud.com,(394) 310-4030,1970-01-04,2019-04-14,Checking,Suspended,88677.51,,13467.6,420,213,Northeast,US,TN,67932,Branch,2024-09-25,,NO,0,dataset_A,2026-05-15 16:41:45,469
A000470,Joseph,King,joseph.king622@yahoo.com,(732) 341-1286,1975-07-18,2018-04-12,Savings,Pending,32240.7,33127.17,18195.17,450,390,Southeast,US,NV,96627,Referral,2025-02-22,,NO,0,dataset_A,2026-05-15 16:41:45,470
A000471,Anthony,Jones,anthony.jones946@yahoo.com,(349) 984-4117,1978-02-22,2005-05-23,Money Market,Suspended,1000.78,24096.45,19187.61,821,460,Northeast,US,HI,72707,Social Media,2023-01-14,,NO,0,dataset_A,2026-05-15 16:41:45,471
A000472,Sandra,Hill,sandra.hill401@hotmail.com,(276) 283-4167,1980-01-16,2002-12-20,IRA,Closed,5791.8,2757.55,201.75,355,396,West,US,IL,86344,Mail,2023-10-22,,NO,0,dataset_A,2026-05-15 16:41:45,472
A000473,Joseph,Moore,joseph.moore277@gmail.com,(659) 343-7606,1986-12-06,,CD,Suspended,89519.71,22032.48,21635.51,368,,West,US,KY,18802,Branch,2025-07-18,account_open_date,YES,1,dataset_A,2026-05-15 16:41:45,473
A000474,William,Lee,william.lee367@yahoo.com,(675) 210-4357,1964-09-26,2007-04-30,Savings,Suspended,19863.17,45790.97,30663.14,807,499,Northeast,US,IL,38606,Mail,2024-08-30,,NO,0,dataset_A,2026-05-15 16:41:45,474
A000475,Patricia,Hernandez,patricia.hernandez886@icloud.com,(296) 641-5512,1954-09-30,2011-03-22,IRA,Active,31963.78,7042.56,5217.95,825,95,Southeast,US,SD,22093,Mail,2024-01-09,,NO,0,dataset_A,2026-05-15 16:41:45,475
A000476,Thomas,King,thomas.king953@hotmail.com,(821) 648-4831,1970-10-13,2005-02-26,Money Market,Suspended,,27306.25,12278.07,804,301,Southwest,US,MT,99226,Online,2023-05-06,balance_amount,YES,1,dataset_A,2026-05-15 16:41:45,476
A000477,Dorothy,,dorothy.thomas922@hotmail.com,(347) 286-3800,1981-05-03,2003-11-13,Money Market,Active,51586.88,40380.28,18061.39,571,76,West,US,TN,32834,Online,2023-10-12,last_name,YES,1,dataset_A,2026-05-15 16:41:45,477
A000478,Ashley,Hill,ashley.hill978@gmail.com,(754) 495-9957,1964-03-16,2001-09-11,IRA,Inactive,55531.4,26712.98,26045.4,556,149,Midwest,US,RI,54265,Social Media,2025-11-14,,NO,0,dataset_A,2026-05-15 16:41:45,478
A000479,Jennifer,Jackson,,(293) 565-3933,1998-10-20,2021-06-04,Savings,Active,62419.62,25376.75,9654.54,365,339,Southwest,US,SC,79756,Mail,2023-11-04,email,YES,1,dataset_A,2026-05-15 16:41:45,479
A000480,Sandra,Allen,sandra.allen510@yahoo.com,(239) 858-9718,1997-01-17,2008-05-09,Savings,Closed,83623.02,6474.38,193.57,669,199,West,US,MI,99864,Mail,2023-03-04,,NO,0,dataset_A,2026-05-15 16:41:45,480
A000481,Karen,Wright,karen.wright181@outlook.com,(603) 400-3299,2004-11-06,2011-01-23,IRA,Pending,85174.4,13416.12,11139.52,499,461,Northeast,US,MI,63071,Branch,2024-11-02,,NO,0,dataset_A,2026-05-15 16:41:45,481
A000482,Nancy,Walker,nancy.walker183@outlook.com,(911) 427-6625,1983-03-14,2022-08-18,CD,Closed,38602.19,48431.4,23713.57,695,286,West,US,MA,73932,Social Media,,,NO,0,dataset_A,2026-05-15 16:41:45,482
A000483,Michelle,Davis,michelle.davis899@icloud.com,(368) 248-4262,1979-12-06,2001-09-09,Savings,Suspended,82345.02,3725.48,1690.16,635,110,Midwest,US,SC,38110,Social Media,2025-12-10,,NO,0,dataset_A,2026-05-15 16:41:45,483
A000484,Sandra,Lewis,sandra.lewis872@outlook.com,(858) 311-5644,1957-10-26,2007-12-15,IRA,Active,4102.11,47990.01,26945.7,434,3,Southeast,US,KS,77404,Phone,2024-12-14,,NO,0,dataset_A,2026-05-15 16:41:45,484
A000485,William,Perez,william.perez571@hotmail.com,(972) 660-9829,1976-10-17,2015-02-26,Money Market,Pending,41316.35,47777.3,20160.33,624,430,Southeast,US,NC,26894,Referral,2023-09-01,,NO,0,dataset_A,2026-05-15 16:41:45,485
A000486,Sandra,Perez,sandra.perez27@yahoo.com,,1961-10-06,2005-03-11,Checking,Inactive,,312.88,163.26,735,93,Midwest,US,MD,47272,Social Media,2025-02-23,balance_amount,YES,1,dataset_A,2026-05-15 16:41:45,486
A000487,Dorothy,Martinez,dorothy.martinez512@yahoo.com,(623) 353-1104,1996-03-25,2016-07-17,Checking,Pending,42018.77,44943.44,31800.44,408,97,Southeast,US,IL,89505,Branch,2023-01-15,,NO,0,dataset_A,2026-05-15 16:41:45,487
A000488,Jennifer,Brown,jennifer.brown387@gmail.com,,1992-04-25,2003-11-27,Savings,Closed,88490.95,25979.53,19402.2,572,194,West,US,AZ,52655,Branch,2025-11-12,,NO,0,dataset_A,2026-05-15 16:41:45,488
A000489,Matthew,Scott,matthew.scott247@gmail.com,(680) 379-2037,1969-04-18,2009-09-29,Savings,Active,38945.8,27468.7,15839.77,519,451,Northeast,US,WA,65980,Social Media,2023-06-04,,NO,0,dataset_A,2026-05-15 16:41:45,489
A000490,Emily,Scott,emily.scott148@yahoo.com,(753) 408-6246,1977-08-21,2021-12-09,CD,Inactive,89619.01,16255.13,,567,295,Southwest,US,SC,25267,Branch,2025-06-17,,NO,0,dataset_A,2026-05-15 16:41:45,490
A000491,Susan,Lewis,susan.lewis72@yahoo.com,(709) 936-2843,1979-04-30,2023-04-12,Checking,Active,5071.47,12324.47,8987.04,355,88,Northeast,US,KY,82641,Mail,2025-08-11,,NO,0,dataset_A,2026-05-15 16:41:45,491
A000492,Andrew,Lewis,andrew.lewis358@yahoo.com,(442) 852-9765,1955-06-18,2012-06-22,CD,Active,69178.62,36102.22,20717.34,368,446,Southeast,US,WA,84778,Social Media,2023-11-02,,NO,0,dataset_A,2026-05-15 16:41:45,492
A000493,Donna,Thompson,donna.thompson680@gmail.com,(258) 826-4216,2001-09-22,2003-09-16,CD,Active,8793.74,9941.97,3955.11,455,80,Southwest,US,NE,71152,Social Media,2023-04-20,,NO,0,dataset_A,2026-05-15 16:41:45,493
A000494,Jennifer,Davis,jennifer.davis116@hotmail.com,(657) 339-6618,1997-06-22,2008-11-17,Savings,Active,39970.98,6475.12,2462.38,313,233,Midwest,US,WY,78287,Online,2024-07-31,,NO,0,dataset_A,2026-05-15 16:41:45,494
A000495,Charles,Johnson,,(337) 353-5697,1951-07-15,2016-06-13,Checking,Active,68145.69,31267.42,20853.82,431,298,Northeast,US,WY,22736,Branch,2023-08-31,email,YES,1,dataset_A,2026-05-15 16:41:45,495
A000496,Sandra,Thompson,sandra.thompson563@outlook.com,,1954-10-30,2007-04-07,CD,Closed,53733.75,19368.44,1191.52,387,441,Southwest,US,IA,27037,Branch,2025-12-23,,NO,0,dataset_A,2026-05-15 16:41:45,496
A000497,Michael,Perez,,(233) 455-1960,2005-04-11,2018-03-11,CD,Closed,95267.9,7929.92,4939.6,656,217,Southeast,US,KY,72858,Social Media,2024-05-29,email,YES,1,dataset_A,2026-05-15 16:41:45,497
A000498,Linda,Williams,,(767) 435-2644,1974-10-11,2019-01-04,Checking,Pending,76800.27,39862.95,14599.56,331,55,Northeast,US,NJ,21067,Branch,2025-04-16,email,YES,1,dataset_A,2026-05-15 16:41:45,498
A000499,Patricia,Robinson,patricia.robinson730@yahoo.com,(482) 703-5919,1985-12-10,,Savings,Closed,32880.0,48438.77,17211.92,739,,West,US,AL,53746,Branch,2024-02-15,account_open_date,YES,1,dataset_A,2026-05-15 16:41:45,499
A000500,Mark,Taylor,mark.taylor859@hotmail.com,,1973-11-12,2004-06-29,IRA,Active,88908.47,21840.44,1104.64,778,129,Midwest,US,PA,40926,Phone,2023-05-20,,NO,0,dataset_A,2026-05-15 16:41:45,500
A000501,Karen,Torres,,(823) 713-1620,1976-09-13,2022-04-16,IRA,Suspended,24553.7,49874.25,9908.21,423,195,Midwest,US,CT,63855,Mail,2023-11-01,email,YES,1,dataset_A,2026-05-15 16:41:45,501
A000502,Patricia,Young,patricia.young492@icloud.com,(954) 905-9444,2003-05-23,2005-02-09,Checking,Active,26250.5,11664.94,1926.38,,26,West,US,HI,23853,Online,2023-11-21,,NO,0,dataset_A,2026-05-15 16:41:45,502
A000503,Mary,Taylor,mary.taylor98@icloud.com,(785) 725-9265,2002-06-16,2005-01-08,Checking,Pending,94343.27,39959.29,11578.87,331,435,West,US,MT,44083,Referral,2023-11-26,,NO,0,dataset_A,2026-05-15 16:41:45,503
A000504,Daniel,King,,(263) 226-5251,1987-07-28,2004-03-15,CD,Pending,56894.31,22017.68,2014.7,386,261,West,US,LA,31672,Phone,2025-10-30,email,YES,1,dataset_A,2026-05-15 16:41:45,504
A000505,Margaret,Nguyen,margaret.nguyen966@hotmail.com,(464) 290-7938,1988-04-27,2024-10-02,CD,Closed,66290.63,2501.27,1383.73,686,398,West,US,TX,97821,Agent,,,NO,0,dataset_A,2026-05-15 16:41:45,505
A000506,Anthony,Jackson,anthony.jackson856@icloud.com,(472) 663-9383,,2015-03-01,Savings,Closed,37319.62,27339.92,17232.79,,491,Southeast,US,LA,80073,Mail,2025-10-24,,NO,0,dataset_A,2026-05-15 16:41:45,506
A000507,Sandra,Rodriguez,sandra.rodriguez265@hotmail.com,(635) 222-2038,1956-08-17,2005-01-24,Savings,Closed,47692.12,49529.76,31703.85,509,55,Southwest,US,WA,63429,Online,2024-05-24,,NO,0,dataset_A,2026-05-15 16:41:45,507
A000508,Christopher,Scott,christopher.scott524@gmail.com,(485) 968-5949,1973-07-10,2019-03-29,Savings,Closed,39761.13,38987.94,16234.22,781,247,Northeast,US,WY,77605,Branch,2023-03-27,,NO,0,dataset_A,2026-05-15 16:41:45,508
A000509,James,Sanchez,james.sanchez473@icloud.com,(307) 431-6348,1985-05-24,2011-11-21,IRA,Pending,14118.75,13574.93,13239.03,750,259,Midwest,US,VT,21835,Referral,2024-06-18,,NO,0,dataset_A,2026-05-15 16:41:45,509
A000510,Patricia,Davis,patricia.davis128@icloud.com,(569) 452-7250,1953-12-28,2021-04-13,Checking,Inactive,13044.15,29955.41,23104.38,512,127,Southeast,US,CT,77458,Phone,2025-02-01,,NO,0,dataset_A,2026-05-15 16:41:45,510
A000511,Dorothy,Smith,dorothy.smith51@gmail.com,,1983-08-25,2024-12-21,CD,Suspended,59208.8,32566.37,,622,186,Southwest,US,MI,80453,Online,2024-09-23,,NO,0,dataset_A,2026-05-15 16:41:45,511
A000512,Richard,Allen,richard.allen825@icloud.com,(590) 333-4019,1980-03-10,2004-11-11,IRA,Pending,2403.58,6542.79,59.91,735,95,Southeast,US,ME,33729,Social Media,2025-05-26,,NO,0,dataset_A,2026-05-15 16:41:45,512
A000513,Donald,Martin,donald.martin411@yahoo.com,(926) 302-2512,1995-02-28,2023-03-12,Checking,Active,76262.8,30663.66,460.38,828,246,West,US,FL,35674,Social Media,2025-01-03,,NO,0,dataset_A,2026-05-15 16:41:45,513
A000514,James,Moore,james.moore457@yahoo.com,(277) 350-2817,1954-10-19,2010-04-06,CD,Closed,99418.71,20427.43,12026.49,,179,Southeast,US,MS,44698,Phone,2023-09-19,,NO,0,dataset_A,2026-05-15 16:41:45,514
A000515,Joseph,Allen,joseph.allen333@outlook.com,(639) 460-6005,1975-08-03,2006-07-14,Checking,Active,35883.93,37621.07,35162.71,592,314,Southwest,US,UT,91368,Agent,2023-06-23,,NO,0,dataset_A,2026-05-15 16:41:45,515
A000516,Margaret,Wilson,margaret.wilson249@outlook.com,(768) 751-7217,1956-07-12,2000-07-25,Checking,Pending,64329.02,33925.91,28046.6,,405,Midwest,US,WA,81476,Phone,2024-06-30,,NO,0,dataset_A,2026-05-15 16:41:45,516
A000517,Nancy,Anderson,nancy.anderson903@outlook.com,(727) 270-7493,1995-04-27,2003-01-02,Savings,Closed,687.44,42891.92,40983.72,,107,Midwest,US,VT,18645,Mail,2024-03-21,,NO,0,dataset_A,2026-05-15 16:41:45,517
A000518,Emily,Miller,emily.miller16@outlook.com,(876) 461-9828,2005-10-23,2023-09-02,IRA,Active,23712.82,29787.82,14335.12,790,429,Southeast,US,KY,59393,,2025-02-19,,NO,0,dataset_A,2026-05-15 16:41:45,518
A000519,Karen,Rodriguez,karen.rodriguez927@yahoo.com,(781) 305-3473,1999-04-26,2007-01-18,Savings,Pending,83079.98,32434.87,23083.59,517,62,Northeast,US,AL,34263,Branch,2023-01-05,,NO,0,dataset_A,2026-05-15 16:41:45,519
A000520,Kimberly,Harris,kimberly.harris473@hotmail.com,(771) 892-8878,1960-12-01,2013-04-03,Checking,Closed,37629.94,2265.48,2033.81,626,328,West,US,NC,16208,Social Media,2025-05-12,,NO,0,dataset_A,2026-05-15 16:41:45,520
A000521,Richard,Lee,,(950) 991-1276,,2014-10-11,CD,Active,86568.63,29435.08,1356.29,699,47,Southwest,US,MS,49202,Social Media,2023-07-04,email,YES,1,dataset_A,2026-05-15 16:41:45,521
A000522,Joseph,Jackson,joseph.jackson2@hotmail.com,,1951-05-08,2008-09-24,Savings,Closed,53936.21,5028.58,3648.82,714,310,Northeast,US,ND,40681,Phone,2025-12-01,,NO,0,dataset_A,2026-05-15 16:41:45,522
A000523,Donald,King,donald.king699@hotmail.com,(571) 664-2270,1983-10-30,2010-08-14,Checking,Inactive,78049.72,3632.39,3589.71,834,425,Southwest,US,AL,49678,Online,2023-01-12,,NO,0,dataset_A,2026-05-15 16:41:45,523
A000524,William,Jones,william.jones803@hotmail.com,(497) 923-2478,1962-05-18,2008-04-17,IRA,Inactive,35801.29,25524.84,15116.34,746,83,Southwest,US,MI,77138,Phone,2023-04-20,,NO,0,dataset_A,2026-05-15 16:41:45,524
A000525,Thomas,White,thomas.white273@yahoo.com,(246) 526-8128,1961-05-05,2006-05-07,Money Market,Suspended,10076.2,27677.61,499.91,364,112,Midwest,US,NE,46059,Online,2024-03-08,,NO,0,dataset_A,2026-05-15 16:41:45,525
A000526,Donald,Lopez,donald.lopez516@yahoo.com,(259) 291-8954,1996-05-10,2011-09-29,Checking,Inactive,91914.01,30551.33,28767.06,,30,West,US,TN,17733,Online,2025-01-31,,NO,0,dataset_A,2026-05-15 16:41:45,526
A000527,Ashley,Miller,ashley.miller836@gmail.com,(651) 254-3230,1952-12-11,2019-04-19,Checking,Active,31155.83,21370.18,14973.25,388,293,West,US,VA,52890,Agent,2023-10-16,,NO,0,dataset_A,2026-05-15 16:41:45,527
A000528,Anthony,Nguyen,anthony.nguyen569@icloud.com,(683) 984-2893,1957-11-26,2023-02-01,Savings,Closed,20940.52,42873.16,38658.58,,23,West,US,TX,90055,Mail,2024-01-11,,NO,0,dataset_A,2026-05-15 16:41:45,528
A000529,Charles,Wilson,charles.wilson995@outlook.com,,1998-12-15,2019-04-04,IRA,Inactive,43503.96,26200.9,23344.89,815,155,Midwest,US,IA,60151,Social Media,2024-09-02,,NO,0,dataset_A,2026-05-15 16:41:45,529
A000530,Paul,Brown,paul.brown339@outlook.com,(659) 834-6497,1982-09-04,2008-03-13,IRA,Active,4833.83,40815.22,31250.57,805,158,West,US,CT,40614,Online,2023-07-25,,NO,0,dataset_A,2026-05-15 16:41:45,530
A000531,Matthew,Miller,matthew.miller616@gmail.com,(903) 919-3902,1952-02-19,2016-08-21,Money Market,Active,13803.58,40272.07,35961.7,486,160,West,US,MN,17801,Online,2025-05-05,,NO,0,dataset_A,2026-05-15 16:41:45,531
A000532,Jennifer,Lee,jennifer.lee114@outlook.com,(870) 902-5253,2005-05-30,2012-09-02,CD,Active,21067.18,35973.71,30380.69,350,362,Midwest,US,TN,13676,Branch,,,NO,0,dataset_A,2026-05-15 16:41:45,532
A000533,Charles,Flores,,(329) 232-4514,1995-06-10,2012-09-30,Money Market,Pending,77172.57,610.24,604.43,478,183,Southeast,US,MS,99918,Phone,2023-04-04,email,YES,1,dataset_A,2026-05-15 16:41:45,533
A000534,John,Brown,john.brown418@hotmail.com,(760) 260-2207,1989-05-28,2010-11-02,Savings,Inactive,56724.15,28880.45,8345.76,683,,Southwest,US,MO,30601,Referral,2024-03-22,,NO,0,dataset_A,2026-05-15 16:41:45,534
A000535,James,Jones,james.jones506@yahoo.com,(670) 750-5174,1955-06-27,2006-09-14,Money Market,Closed,98529.5,15655.18,,731,23,Northeast,US,SD,80911,Phone,2025-11-11,,NO,0,dataset_A,2026-05-15 16:41:45,535
A000536,Barbara,Davis,barbara.davis91@hotmail.com,(894) 542-8479,2000-06-21,2024-05-11,IRA,Inactive,38954.5,10997.2,6527.9,471,118,Southeast,US,NE,97954,Social Media,2023-01-18,,NO,0,dataset_A,2026-05-15 16:41:45,536
A000537,Betty,Thompson,betty.thompson534@yahoo.com,(201) 655-2876,1980-11-19,2024-09-14,CD,Inactive,7312.64,23097.19,16758.33,661,268,West,US,OR,74072,,2023-07-13,,NO,0,dataset_A,2026-05-15 16:41:45,537
A000538,Linda,Allen,linda.allen448@yahoo.com,(782) 967-8598,1992-03-16,2004-03-23,Checking,Active,53320.82,16615.79,15239.47,521,192,Southeast,US,NC,86268,Mail,2025-11-08,,NO,0,dataset_A,2026-05-15 16:41:45,538
A000539,Lisa,Brown,,(764) 418-5825,1970-07-07,2006-12-22,Money Market,Closed,99540.61,6905.11,1459.9,837,33,Midwest,US,OR,88963,Agent,2023-01-21,email,YES,1,dataset_A,2026-05-15 16:41:45,539
A000540,James,Rodriguez,james.rodriguez37@yahoo.com,(333) 934-8191,1961-05-30,2010-12-06,Checking,Inactive,97856.89,13849.91,12275.67,705,349,Northeast,US,MN,87970,Branch,2025-06-20,,NO,0,dataset_A,2026-05-15 16:41:45,540
A000541,Margaret,Nguyen,margaret.nguyen99@icloud.com,(812) 291-7811,1956-08-22,2001-10-31,IRA,Inactive,53495.54,6600.96,1740.48,582,198,Southeast,US,OR,20637,Social Media,2023-08-31,,NO,0,dataset_A,2026-05-15 16:41:45,541
A000542,Steven,Brown,steven.brown376@hotmail.com,(671) 971-1664,1985-05-07,2022-12-21,Checking,Closed,55496.59,18428.72,14433.79,337,220,Southeast,US,UT,50130,Phone,2024-04-05,,NO,0,dataset_A,2026-05-15 16:41:45,542
A000543,James,Martin,james.martin663@icloud.com,(320) 290-5841,1972-12-10,2006-03-01,IRA,Closed,37381.35,22680.77,15404.28,340,252,West,US,UT,90963,Online,2025-04-14,,NO,0,dataset_A,2026-05-15 16:41:45,543
A000544,Lisa,Garcia,lisa.garcia674@icloud.com,(337) 937-5615,1966-09-30,2016-05-10,Savings,Closed,56874.81,19013.31,660.42,379,427,West,US,NY,63171,Online,2024-06-30,,NO,0,dataset_A,2026-05-15 16:41:45,544
A000545,Matthew,Torres,matthew.torres692@outlook.com,(474) 939-6496,1982-05-05,2021-03-07,IRA,Pending,49687.64,39803.3,17151.56,429,175,Northeast,US,OH,11038,Phone,2024-09-19,,NO,0,dataset_A,2026-05-15 16:41:45,545
A000546,Nancy,Lopez,nancy.lopez779@hotmail.com,(657) 386-2848,1971-06-28,2012-05-21,IRA,Active,59392.43,16154.83,15074.48,571,298,Southeast,US,NE,25249,Referral,2024-09-24,,NO,0,dataset_A,2026-05-15 16:41:45,546
A000547,Patricia,Lewis,patricia.lewis581@hotmail.com,(218) 230-9751,1960-12-11,2015-12-25,Checking,Active,21611.08,38515.99,3558.03,587,107,Midwest,US,WV,33097,Mail,2025-11-01,,NO,0,dataset_A,2026-05-15 16:41:45,547
A000548,Dorothy,Brown,dorothy.brown116@hotmail.com,(908) 741-7732,1963-03-30,2020-10-04,CD,Suspended,18996.55,48243.67,,363,23,Midwest,US,GA,67583,,2024-10-28,,NO,0,dataset_A,2026-05-15 16:41:45,548
A000549,John,Williams,john.williams26@yahoo.com,(674) 878-4192,1952-05-17,2005-07-15,IRA,Active,48126.42,34120.92,1197.04,687,179,West,US,WY,61218,Branch,2023-02-24,,NO,0,dataset_A,2026-05-15 16:41:45,549
A000550,Andrew,Young,andrew.young803@yahoo.com,(875) 899-4493,1963-04-24,2019-11-10,Savings,Pending,34068.92,35956.82,10331.45,527,115,Southwest,US,NV,21417,Phone,2023-03-13,,NO,0,dataset_A,2026-05-15 16:41:45,550
A000551,Patricia,Scott,patricia.scott471@gmail.com,,1994-01-31,2004-06-22,IRA,Inactive,50900.79,19454.5,10898.81,391,252,Southwest,US,VA,44359,Phone,2025-04-04,,NO,0,dataset_A,2026-05-15 16:41:45,551
A000552,Mark,Taylor,mark.taylor135@yahoo.com,,2004-06-30,2006-11-27,IRA,Inactive,20586.93,48493.23,33233.77,482,181,Southwest,US,ID,90993,Referral,2023-04-11,,NO,0,dataset_A,2026-05-15 16:41:45,552
A000553,Donald,Thomas,donald.thomas69@gmail.com,(441) 206-8955,1970-07-22,2005-06-22,Savings,Active,52923.05,13577.8,10519.65,358,146,Southeast,US,OR,72066,Agent,2023-05-10,,NO,0,dataset_A,2026-05-15 16:41:45,553
A000554,Donald,Williams,donald.williams371@outlook.com,,1980-09-13,2000-10-04,Checking,Pending,24768.42,3636.07,769.1,808,94,Northeast,US,FL,12380,Referral,,,NO,0,dataset_A,2026-05-15 16:41:45,554
A000555,Dorothy,Miller,dorothy.miller140@gmail.com,(835) 613-8581,1990-09-21,2023-06-21,Savings,Suspended,14541.95,3664.58,292.81,489,333,Northeast,US,NJ,54448,Agent,2025-12-22,,NO,0,dataset_A,2026-05-15 16:41:45,555
A000556,Paul,Clark,paul.clark361@yahoo.com,(915) 909-6058,2004-01-24,2017-02-22,Checking,Pending,83986.34,46798.47,29807.55,427,81,Northeast,US,MN,13082,Social Media,2025-02-13,,NO,0,dataset_A,2026-05-15 16:41:45,556
A000557,,Robinson,andrew.robinson819@outlook.com,(513) 516-9925,1989-01-18,2020-02-02,Money Market,Active,47733.76,35548.32,31656.72,334,169,Southwest,US,KS,56268,Referral,,first_name,YES,1,dataset_A,2026-05-15 16:41:45,557
A000558,Karen,Torres,karen.torres437@icloud.com,(566) 340-7228,1968-06-21,,Money Market,Active,18240.38,23220.15,9602.12,606,40,West,US,ME,78749,Phone,2024-11-17,account_open_date,YES,1,dataset_A,2026-05-15 16:41:45,558
A000559,Charles,Clark,charles.clark674@hotmail.com,(499) 963-4627,1973-02-03,2013-09-11,IRA,Pending,24425.37,48618.73,11788.0,564,230,West,US,LA,63728,,2023-12-17,,NO,0,dataset_A,2026-05-15 16:41:45,559
A000560,Donna,Perez,donna.perez513@hotmail.com,(745) 857-9558,1974-03-10,2004-08-24,IRA,Suspended,12394.52,36147.5,4162.15,344,154,West,US,MN,35259,Referral,2025-04-25,,NO,0,dataset_A,2026-05-15 16:41:45,560
A000561,Donna,Rodriguez,donna.rodriguez880@yahoo.com,(590) 265-3431,1970-01-17,2001-03-24,Money Market,Active,3247.88,508.03,372.81,702,270,Southwest,US,IL,53354,Phone,2025-08-23,,NO,0,dataset_A,2026-05-15 16:41:45,561
A000562,Sandra,Garcia,sandra.garcia945@icloud.com,(465) 912-6361,1969-11-08,2024-04-24,Savings,Closed,60753.14,47219.09,19236.85,,99,Midwest,US,ID,44750,Mail,2023-08-09,,NO,0,dataset_A,2026-05-15 16:41:45,562
A000563,Mark,Nguyen,mark.nguyen426@icloud.com,(228) 233-6141,1962-08-21,2017-02-09,Savings,Active,74015.88,33739.86,14783.26,776,19,Midwest,US,AR,30337,Branch,2025-01-20,,NO,0,dataset_A,2026-05-15 16:41:45,563
A000564,Emily,Flores,emily.flores967@outlook.com,(976) 363-4259,1996-09-05,2010-06-27,Savings,Closed,41923.49,16917.02,3646.06,,129,Southwest,US,CA,26102,Agent,2025-07-23,,NO,0,dataset_A,2026-05-15 16:41:45,564
A000565,James,Lewis,james.lewis877@hotmail.com,(966) 258-3843,1983-03-19,2007-10-06,IRA,Closed,13770.44,23919.41,694.7,,151,West,US,WV,12147,Online,2023-11-30,,NO,0,dataset_A,2026-05-15 16:41:45,565
A000566,William,Jackson,william.jackson54@outlook.com,(759) 673-2664,1992-09-23,2022-03-19,CD,Active,5378.21,40716.21,38098.78,,327,West,US,NH,30196,Social Media,2023-10-31,,NO,0,dataset_A,2026-05-15 16:41:45,566
A000567,Robert,Lopez,robert.lopez160@outlook.com,(976) 746-5616,1995-07-01,2011-02-05,Savings,Suspended,59679.12,40133.22,31883.0,386,24,Southwest,US,NC,15500,Branch,2025-05-01,,NO,0,dataset_A,2026-05-15 16:41:45,567
A000568,Robert,Robinson,robert.robinson876@gmail.com,(812) 354-6775,2005-07-28,2015-12-03,Checking,Suspended,86226.86,24236.56,21941.75,560,285,Southeast,US,AK,57279,Social Media,2023-10-23,,NO,0,dataset_A,2026-05-15 16:41:45,568
A000569,Matthew,Lee,matthew.lee702@outlook.com,(953) 201-9840,1968-02-26,2019-11-12,IRA,Suspended,58905.81,32302.45,10678.98,321,5,West,US,UT,59482,Social Media,2024-12-16,,NO,0,dataset_A,2026-05-15 16:41:45,569
A000570,Christopher,Gonzalez,christopher.gonzalez807@hotmail.com,(414) 363-6186,1974-01-17,2022-05-04,Savings,Inactive,49431.94,31195.7,547.07,708,42,West,US,FL,13640,Agent,2023-11-19,,NO,0,dataset_A,2026-05-15 16:41:45,570
A000571,Linda,Jones,linda.jones331@hotmail.com,(611) 438-8141,1963-10-31,2013-04-22,Savings,Active,21445.81,7581.74,5028.55,327,282,Southeast,US,IN,24020,Branch,2023-03-24,,NO,0,dataset_A,2026-05-15 16:41:45,571
A000572,Paul,Anderson,paul.anderson722@yahoo.com,(377) 278-7096,1995-11-17,2005-01-19,Savings,Suspended,5955.35,32118.31,31843.18,308,298,Midwest,US,KY,82911,,2024-09-17,,NO,0,dataset_A,2026-05-15 16:41:45,572
A000573,James,Williams,james.williams814@hotmail.com,(691) 450-6139,1984-10-13,2017-11-29,Checking,Pending,17354.97,46403.43,13744.43,444,223,Southeast,US,CA,35337,,2023-04-04,,NO,0,dataset_A,2026-05-15 16:41:45,573
A000574,Thomas,Wright,thomas.wright223@gmail.com,(916) 314-2475,2005-03-05,2018-03-23,IRA,Closed,27781.15,24279.88,15822.9,503,,Southwest,US,NV,63716,Online,,,NO,0,dataset_A,2026-05-15 16:41:45,574
A000575,Daniel,Gonzalez,,(534) 383-5426,1997-07-02,2000-02-01,Savings,Suspended,53693.76,9669.59,6381.78,,273,Southeast,US,NJ,67166,Branch,2023-12-30,email,YES,1,dataset_A,2026-05-15 16:41:45,575
A000576,Jessica,Allen,jessica.allen625@hotmail.com,(964) 285-9284,1960-03-26,2018-01-20,Checking,Inactive,67154.08,44138.2,,494,258,Southeast,US,IA,89793,Branch,2025-11-06,,NO,0,dataset_A,2026-05-15 16:41:45,576
A000577,Daniel,Lopez,daniel.lopez473@icloud.com,(917) 220-7652,1993-04-08,2001-12-12,Money Market,Pending,72696.45,3165.03,2957.19,572,38,Southwest,US,RI,68273,Mail,2025-10-27,,NO,0,dataset_A,2026-05-15 16:41:45,577
A000578,Donna,Clark,donna.clark594@icloud.com,(891) 217-3468,1983-10-24,2017-11-28,Savings,Pending,64146.78,27050.89,2548.22,509,259,Southeast,US,MI,52749,Branch,2025-06-10,,NO,0,dataset_A,2026-05-15 16:41:45,578
A000579,Mark,Martin,mark.martin908@yahoo.com,(832) 621-7931,1977-04-27,2017-10-11,Checking,Pending,57722.82,30391.49,20848.61,660,435,Southwest,US,LA,19865,Phone,2025-10-29,,NO,0,dataset_A,2026-05-15 16:41:45,579
A000580,Ashley,Thomas,ashley.thomas296@hotmail.com,(746) 309-7239,,2014-03-05,Savings,Pending,51658.25,31495.69,10288.6,332,71,Northeast,US,MT,62456,Referral,2023-05-06,,NO,0,dataset_A,2026-05-15 16:41:45,580
A000581,Susan,Moore,susan.moore548@outlook.com,(768) 394-1674,1977-05-17,2024-09-19,CD,Closed,35536.21,5218.73,553.11,,403,Northeast,US,AR,10082,,2025-03-10,,NO,0,dataset_A,2026-05-15 16:41:45,581
A000582,Donna,Hill,donna.hill365@yahoo.com,(985) 778-4138,1998-07-27,2013-03-13,Checking,Pending,1237.38,48412.05,44164.68,843,212,Northeast,US,AK,24810,Agent,2025-05-25,,NO,0,dataset_A,2026-05-15 16:41:45,582
A000583,Linda,Brown,linda.brown237@outlook.com,(244) 602-8929,1980-10-07,2017-12-24,Checking,Suspended,91852.87,15150.8,1770.06,746,70,Southwest,US,WY,33364,Branch,2024-01-06,,NO,0,dataset_A,2026-05-15 16:41:45,583
A000584,Nancy,Thomas,nancy.thomas221@outlook.com,(754) 495-6335,1969-12-28,2007-08-29,Savings,Pending,43677.47,,1425.07,656,85,West,US,AR,10435,Agent,2023-09-19,,NO,0,dataset_A,2026-05-15 16:41:45,584
A000585,Jennifer,Jones,jennifer.jones952@hotmail.com,(635) 990-5435,1998-12-12,2015-07-18,Money Market,Pending,23301.27,38940.05,26035.06,654,439,Southwest,US,DE,75844,Referral,2023-06-22,,NO,0,dataset_A,2026-05-15 16:41:45,585
A000586,Nancy,Brown,nancy.brown542@gmail.com,(435) 983-6998,1981-12-29,2023-09-22,Money Market,Active,36008.92,29964.32,3568.23,770,148,West,US,IN,14803,Referral,,,NO,0,dataset_A,2026-05-15 16:41:45,586
A000587,Linda,King,linda.king223@hotmail.com,(815) 386-7997,1996-01-09,2007-11-08,Savings,Suspended,7856.16,39375.77,11231.58,488,32,Northeast,US,NH,50072,Mail,2024-03-11,,NO,0,dataset_A,2026-05-15 16:41:45,587
A000588,Donald,Allen,donald.allen52@gmail.com,(485) 590-9135,1992-12-28,2007-04-17,IRA,Active,50944.35,43173.85,35127.65,563,322,Midwest,US,MI,16902,Phone,,,NO,0,dataset_A,2026-05-15 16:41:45,588
A000589,Paul,Hill,paul.hill568@outlook.com,(925) 548-3682,1957-08-16,2023-06-02,Savings,Closed,47708.9,28871.97,14857.51,768,224,Midwest,US,WY,74261,Referral,2024-12-14,,NO,0,dataset_A,2026-05-15 16:41:45,589
A000590,Kimberly,Davis,kimberly.davis863@icloud.com,(823) 876-2212,1976-11-05,2020-04-08,Money Market,Pending,4659.88,7172.96,1884.28,401,406,Southwest,US,NY,30955,Phone,2025-12-07,,NO,0,dataset_A,2026-05-15 16:41:45,590
A000591,Jessica,Johnson,jessica.johnson215@icloud.com,(451) 824-9055,1957-02-27,,IRA,Pending,50029.14,37599.28,3961.69,348,75,Southwest,US,NV,86703,Branch,2025-02-04,account_open_date,YES,1,dataset_A,2026-05-15 16:41:45,591
A000592,Christopher,Allen,christopher.allen552@gmail.com,,1960-12-07,2003-07-31,IRA,Inactive,75331.69,23233.97,7141.51,622,124,Northeast,US,OR,17742,Agent,2025-12-31,,NO,0,dataset_A,2026-05-15 16:41:45,592
A000593,Linda,Williams,linda.williams291@outlook.com,(551) 913-9698,1984-01-05,2019-09-24,Money Market,Pending,5630.15,6781.45,1663.8,361,320,Midwest,US,WI,66387,Online,2024-08-20,,NO,0,dataset_A,2026-05-15 16:41:45,593
A000594,Jennifer,Perez,jennifer.perez882@hotmail.com,(318) 303-7223,1985-04-01,2006-01-04,CD,Suspended,81951.34,,6520.33,687,175,Midwest,US,ID,78319,Online,2024-06-06,,NO,0,dataset_A,2026-05-15 16:41:45,594
A000595,Anthony,Jones,anthony.jones36@gmail.com,(542) 748-5908,1973-10-30,2005-07-31,IRA,Pending,,34828.39,288.12,729,68,West,US,CT,44510,Agent,2024-07-08,balance_amount,YES,1,dataset_A,2026-05-15 16:41:45,595
A000596,Donna,Anderson,,(611) 466-1058,1965-07-14,2012-06-24,Money Market,Closed,79321.82,46328.25,39642.09,636,457,Southwest,US,DE,69442,Referral,2023-02-13,email,YES,1,dataset_A,2026-05-15 16:41:45,596
A000597,Emily,Scott,emily.scott123@gmail.com,(235) 407-5998,2002-12-28,2002-12-01,IRA,Suspended,75634.68,41957.19,40354.45,539,145,Southwest,US,AL,42908,Online,,,NO,0,dataset_A,2026-05-15 16:41:45,597
A000598,Daniel,Gonzalez,daniel.gonzalez525@hotmail.com,,1970-11-15,2015-12-22,Checking,Closed,96917.12,9314.49,527.17,578,110,Midwest,US,WY,41483,Social Media,2023-06-04,,NO,0,dataset_A,2026-05-15 16:41:45,598
A000599,Michelle,Martin,michelle.martin102@yahoo.com,(771) 686-3474,1972-12-11,2008-03-22,CD,Closed,13991.94,13852.39,193.78,519,51,West,US,AR,14645,Branch,2025-12-12,,NO,0,dataset_A,2026-05-15 16:41:45,599
A000600,Matthew,Wilson,matthew.wilson52@hotmail.com,,1971-03-19,2018-07-29,IRA,Closed,705.92,27307.77,,787,15,Southwest,US,KS,27899,Referral,2023-01-26,,NO,0,dataset_A,2026-05-15 16:41:45,600
B000001,Jessica,Flores,jessicaflores473@gmail.com,(409) 753-7236,1995-11-09,2017-06-27,Checking,Active,18545.41,38934.62,33878.52,586,405,Southwest,US,DE,84642,Branch,2023-05-21,,NO,0,dataset_B,2026-05-15 16:41:45,601
B000002,Ashley,Taylor,ashleytaylor314@yahoo.com,(334) 388-6907,1985-08-24,2008-02-14,Money Market,Active,40409.76,49162.52,46041.64,578,421,Southwest,US,ID,59260,,2025-11-05,,NO,0,dataset_B,2026-05-15 16:41:45,602
B000003,Christopher,Miller,christophermiller231@yahoo.com,(224) 893-3194,1980-12-12,2024-03-23,Checking,Inactive,46767.64,3945.14,435.7,849,430,Southwest,US,OH,63032,Social Media,2025-04-27,,NO,0,dataset_B,2026-05-15 16:41:45,603
B000004,Sandra,Allen,sandraallen691@hotmail.com,(475) 519-8474,1995-11-11,2003-12-22,Checking,Suspended,12253.62,23180.45,3028.05,,377,West,US,WY,36424,Mail,2023-09-19,,NO,0,dataset_B,2026-05-15 16:41:45,604
B000005,Joseph,Moore,josephmoore554@outlook.com,(429) 787-9647,1974-11-08,2000-06-08,Savings,Inactive,50741.08,13520.95,12693.47,314,,Southeast,US,AL,17990,,2025-02-10,,NO,0,dataset_B,2026-05-15 16:41:45,605
B000006,Margaret,Robinson,margaretrobinson246@icloud.com,(292) 324-5130,1950-03-28,2004-02-21,Savings,Inactive,10678.6,241.46,225.48,844,295,West,US,AZ,60882,Online,2024-11-20,,NO,0,dataset_B,2026-05-15 16:41:45,606
B000007,Jennifer,Scott,jenniferscott436@hotmail.com,(803) 727-5543,1972-05-05,2004-04-05,CD,Active,99997.48,19425.39,1654.32,678,168,West,US,MD,29671,Online,,,NO,0,dataset_B,2026-05-15 16:41:45,607
B000008,Jessica,Lee,jessicalee781@yahoo.com,(811) 456-5642,1974-10-07,2006-08-26,Checking,Pending,27412.28,20555.79,14821.09,393,77,Southeast,US,NC,68554,Phone,2024-08-14,,NO,0,dataset_B,2026-05-15 16:41:45,608
B000009,Margaret,Martinez,margaretmartinez35@icloud.com,(678) 432-6873,1967-04-14,2009-12-20,Checking,Active,34338.39,44362.13,4201.15,442,169,Northeast,US,UT,64876,Online,2024-01-11,,NO,0,dataset_B,2026-05-15 16:41:45,609
B000010,Charles,Sanchez,charlessanchez118@gmail.com,(255) 287-3093,1996-11-12,2001-04-30,Savings,Inactive,5613.64,30080.75,22109.59,737,45,Midwest,US,OH,59055,Online,2025-05-29,,NO,0,dataset_B,2026-05-15 16:41:45,610
B000011,Joseph,Taylor,josephtaylor320@hotmail.com,(650) 629-4584,1976-11-25,2001-02-16,Money Market,Inactive,,48532.25,38755.41,616,76,Midwest,US,OK,65293,Online,2025-04-19,balance_amount,YES,1,dataset_B,2026-05-15 16:41:45,611
B000012,Christopher,Miller,,(628) 920-7347,1985-11-26,2012-05-19,IRA,Suspended,82518.04,33408.93,18233.85,576,150,Northeast,US,TX,30924,,,email,YES,1,dataset_B,2026-05-15 16:41:45,612
B000013,Steven,Martin,stevenmartin513@icloud.com,(414) 514-1878,1987-08-13,2024-07-26,Savings,Active,48078.95,15066.86,12708.54,664,131,Southeast,US,AK,62385,Agent,2024-02-08,,NO,0,dataset_B,2026-05-15 16:41:45,613
B000014,Linda,Miller,lindamiller687@icloud.com,(202) 884-8029,1970-03-21,2012-11-23,IRA,Inactive,49052.29,9778.24,2710.8,,207,Northeast,US,MN,22889,Social Media,2023-03-31,,NO,0,dataset_B,2026-05-15 16:41:45,614
B000015,Betty,Martin,bettymartin201@outlook.com,(252) 518-9648,1971-05-07,2022-08-30,Checking,Inactive,7767.3,36310.37,7321.78,350,413,Northeast,US,IN,49035,Mail,2024-05-07,,NO,0,dataset_B,2026-05-15 16:41:45,615
B000016,Dorothy,Miller,dorothymiller604@hotmail.com,(975) 597-3549,1981-10-30,2002-04-14,Checking,Pending,76073.72,27738.79,17645.55,636,,Northeast,US,IN,67350,Referral,2025-12-21,,NO,0,dataset_B,2026-05-15 16:41:45,616
B000017,Mary,Walker,,(998) 679-1921,1991-12-25,2004-09-29,IRA,Active,55590.23,33799.79,28215.71,507,450,Southwest,US,KY,73061,Mail,2024-10-02,email,YES,1,dataset_B,2026-05-15 16:41:45,617
B000018,Joseph,Williams,josephwilliams459@hotmail.com,(215) 889-9995,1981-07-27,,Money Market,Inactive,55745.65,5302.12,4646.45,466,62,Northeast,US,MO,88966,Agent,2024-12-22,account_open_date,YES,1,dataset_B,2026-05-15 16:41:45,618
B000019,Donald,Johnson,donaldjohnson399@hotmail.com,(573) 913-3327,1954-05-12,2018-03-28,CD,Active,,17825.37,6488.05,835,457,Midwest,US,IN,24746,Phone,2024-03-30,balance_amount,YES,1,dataset_B,2026-05-15 16:41:45,619
B000020,Paul,Jackson,pauljackson516@gmail.com,(276) 215-6183,1954-03-16,2003-03-13,Money Market,Pending,21649.26,510.94,206.56,536,479,Midwest,US,IA,50613,Phone,,,NO,0,dataset_B,2026-05-15 16:41:45,620
B000021,Karen,Young,karenyoung431@outlook.com,(325) 527-8740,1980-03-25,2004-12-26,Checking,Suspended,76755.09,7773.4,765.53,681,254,Midwest,US,MS,44025,Branch,2023-04-04,,NO,0,dataset_B,2026-05-15 16:41:45,621
B000022,Ashley,Hernandez,ashleyhernandez233@hotmail.com,(578) 990-5590,1991-02-07,2016-01-24,Checking,Suspended,1395.51,14781.79,6856.46,569,246,Southeast,US,NM,97107,,2025-09-23,,NO,0,dataset_B,2026-05-15 16:41:45,622
B000023,Joseph,King,josephking17@yahoo.com,(922) 670-3966,1964-07-14,2011-08-23,CD,Inactive,88811.06,14825.34,7652.76,346,219,Northeast,US,NH,95551,Mail,2023-10-22,,NO,0,dataset_B,2026-05-15 16:41:45,623
B000024,Jessica,Perez,jessicaperez214@icloud.com,(423) 741-8065,1992-08-18,2001-09-05,IRA,Suspended,96672.96,20044.34,1153.24,679,,West,US,RI,28977,Mail,2025-06-05,,NO,0,dataset_B,2026-05-15 16:41:45,624
B000025,,Hill,christopherhill875@hotmail.com,(621) 661-1946,1994-11-16,2022-02-06,Money Market,Inactive,42620.96,12868.62,,565,92,Southwest,US,WV,27070,Mail,2024-01-05,first_name,YES,1,dataset_B,2026-05-15 16:41:45,625
B000026,Susan,Martinez,susanmartinez494@gmail.com,(636) 821-2977,1959-07-26,2013-03-18,IRA,Closed,10194.89,3750.56,2072.14,,481,Southwest,US,PA,11030,Branch,,,NO,0,dataset_B,2026-05-15 16:41:45,626
B000027,Anthony,Torres,anthonytorres814@icloud.com,(707) 279-1992,1952-04-08,2000-11-12,Checking,Suspended,898.37,49844.2,38805.32,311,149,Southeast,US,ID,64167,Social Media,2024-03-06,,NO,0,dataset_B,2026-05-15 16:41:45,627
B000028,Joseph,Davis,josephdavis884@hotmail.com,(205) 752-4642,1952-01-12,2014-01-08,Money Market,Pending,15570.92,13931.85,7663.1,524,115,Southeast,US,WI,74652,Branch,2023-06-28,,NO,0,dataset_B,2026-05-15 16:41:45,628
B000029,Linda,Harris,lindaharris228@outlook.com,(640) 935-7877,1979-09-16,2007-06-16,Money Market,Inactive,65047.85,14923.26,11176.31,323,0,West,US,NV,49498,,2025-01-14,,NO,0,dataset_B,2026-05-15 16:41:45,629
B000030,Mary,Hernandez,maryhernandez46@icloud.com,(809) 247-3718,1956-12-22,2013-06-04,Money Market,Closed,528.07,35743.42,20902.09,460,98,Southeast,US,AL,31990,Branch,2023-03-25,,NO,0,dataset_B,2026-05-15 16:41:45,630
B000031,Nancy,Thompson,nancythompson874@gmail.com,(935) 899-1547,1986-04-27,2024-11-13,Savings,Pending,10908.97,44236.81,8526.56,552,83,Southeast,US,AL,80438,Online,2024-04-17,,NO,0,dataset_B,2026-05-15 16:41:45,631
B000032,Karen,Moore,karenmoore93@yahoo.com,(826) 815-3193,1960-07-30,2022-08-04,CD,Suspended,87910.23,2876.61,460.41,693,396,Northeast,US,OR,36627,Mail,2023-07-20,,NO,0,dataset_B,2026-05-15 16:41:45,632
B000033,Margaret,Lewis,margaretlewis78@yahoo.com,(480) 684-6218,1995-08-21,2011-04-19,Savings,Active,9537.39,18618.85,8351.84,,81,West,US,LA,51340,Social Media,2023-05-06,,NO,0,dataset_B,2026-05-15 16:41:45,633
B000034,Michael,Jones,michaeljones363@yahoo.com,(342) 302-2721,1954-06-06,2021-05-10,Savings,Closed,85936.01,17731.29,6637.92,434,47,Southeast,US,VA,43341,Agent,2024-10-20,,NO,0,dataset_B,2026-05-15 16:41:45,634
B000035,Linda,Nguyen,lindanguyen185@gmail.com,(788) 403-4423,1965-07-04,2019-04-16,IRA,Active,29902.37,27136.58,14732.5,743,452,West,US,MN,79113,Phone,2023-12-18,,NO,0,dataset_B,2026-05-15 16:41:45,635
B000036,Donald,Rodriguez,donaldrodriguez415@yahoo.com,(372) 571-5999,1978-11-08,2017-07-29,Savings,Inactive,1307.94,,13543.15,715,452,Southwest,US,ID,82413,Mail,2024-05-30,,NO,0,dataset_B,2026-05-15 16:41:45,636
B000037,Jennifer,Hernandez,jenniferhernandez812@yahoo.com,(213) 820-7840,1989-10-11,2017-11-16,Money Market,Active,24191.23,13676.35,2656.02,591,9,West,US,CA,16540,Agent,2024-03-25,,NO,0,dataset_B,2026-05-15 16:41:45,637
B000038,Richard,Wright,richardwright635@yahoo.com,(591) 205-1766,1951-11-28,2021-10-17,CD,Closed,13014.11,14893.93,11146.06,356,223,Southwest,US,ME,38624,Agent,,,NO,0,dataset_B,2026-05-15 16:41:45,638
B000039,Joseph,Robinson,josephrobinson178@yahoo.com,(889) 313-4368,1967-10-14,2011-08-14,CD,Closed,26773.38,4506.59,446.79,594,383,Southeast,US,NJ,71586,Agent,2025-07-12,,NO,0,dataset_B,2026-05-15 16:41:45,639
B000040,Anthony,Williams,anthonywilliams433@yahoo.com,(638) 271-8755,1980-07-09,2019-10-19,CD,Pending,78898.93,30220.26,9059.42,472,112,Midwest,US,WY,45038,Online,2023-12-11,,NO,0,dataset_B,2026-05-15 16:41:45,640
B000041,Sandra,Perez,sandraperez816@yahoo.com,(369) 567-5807,1983-04-03,2006-02-19,Checking,Closed,49848.81,19436.06,10023.52,572,6,Northeast,US,RI,54420,Branch,2024-11-21,,NO,0,dataset_B,2026-05-15 16:41:45,641
B000042,Donald,Moore,,(795) 999-4610,1956-12-19,2002-03-28,CD,Active,38776.89,13926.36,13316.18,582,26,Southwest,US,CO,81071,Social Media,2024-12-20,email,YES,1,dataset_B,2026-05-15 16:41:45,642
B000043,Anthony,Robinson,anthonyrobinson135@hotmail.com,(576) 874-5864,1957-10-26,2023-03-20,Checking,Active,75379.35,20206.61,14059.31,,157,Southwest,US,TN,83675,,2025-01-14,,NO,0,dataset_B,2026-05-15 16:41:45,643
B000044,Sandra,Williams,sandrawilliams346@gmail.com,(416) 227-7493,1989-06-23,2018-02-23,Checking,Pending,22403.31,12398.93,2274.09,786,328,Northeast,US,SC,12116,Social Media,2025-06-11,,NO,0,dataset_B,2026-05-15 16:41:45,644
B000045,Nancy,Wilson,nancywilson515@outlook.com,(624) 409-5991,1965-06-03,2022-05-08,Checking,Closed,67463.4,40416.91,34280.03,609,71,Southwest,US,AR,44388,Agent,2025-05-15,,NO,0,dataset_B,2026-05-15 16:41:45,645
B000046,Paul,Sanchez,paulsanchez700@hotmail.com,(981) 366-1242,2002-01-20,2022-10-30,IRA,Pending,2488.82,19537.71,10977.31,630,393,Southeast,US,NJ,21853,Mail,2023-01-13,,NO,0,dataset_B,2026-05-15 16:41:45,646
B000047,Lisa,Flores,lisaflores269@yahoo.com,(903) 880-4840,1957-10-25,2014-08-29,IRA,Active,40225.13,14596.84,8255.69,,306,West,US,MI,80596,Mail,2025-01-23,,NO,0,dataset_B,2026-05-15 16:41:45,647
B000048,Kimberly,Hernandez,kimberlyhernandez982@outlook.com,(255) 914-3403,1956-04-10,2005-03-01,Checking,Suspended,22816.03,45623.14,12367.49,416,330,Northeast,US,CT,59756,Agent,2023-10-18,,NO,0,dataset_B,2026-05-15 16:41:45,648
B000049,Nancy,Smith,nancysmith205@hotmail.com,(845) 505-1696,1954-04-20,2024-03-12,Checking,Suspended,77358.42,5721.88,947.57,478,394,Midwest,US,ND,52762,Social Media,2023-09-02,,NO,0,dataset_B,2026-05-15 16:41:45,649
B000050,Steven,Nguyen,stevennguyen990@outlook.com,(629) 752-1035,2003-02-21,2017-04-06,CD,Suspended,95116.65,,4875.57,545,233,Southeast,US,NE,35509,Agent,2024-06-25,,NO,0,dataset_B,2026-05-15 16:41:45,650
B000051,Christopher,Hill,christopherhill391@yahoo.com,,1962-10-17,2016-10-09,Checking,Pending,64013.46,16700.39,15979.34,,465,Southwest,US,MT,17706,Branch,2025-07-08,,NO,0,dataset_B,2026-05-15 16:41:45,651
B000052,Charles,Thomas,charlesthomas385@outlook.com,(915) 982-7961,1957-06-02,2019-09-20,Money Market,Active,12862.24,38242.76,31629.4,822,60,West,US,NH,75327,Branch,2024-07-20,,NO,0,dataset_B,2026-05-15 16:41:45,652
B000053,Barbara,Gonzalez,barbaragonzalez984@yahoo.com,(741) 617-5648,1961-09-08,2021-09-26,Savings,Active,22697.52,1922.02,1007.97,720,,Southwest,US,CA,69468,Phone,2023-12-29,,NO,0,dataset_B,2026-05-15 16:41:45,653
B000054,Matthew,Flores,matthewflores605@icloud.com,(761) 453-4528,1999-07-08,2017-07-12,CD,Suspended,65559.08,7716.0,,552,88,Midwest,US,RI,42377,Online,2025-12-17,,NO,0,dataset_B,2026-05-15 16:41:45,654
B000055,Joshua,Garcia,,(608) 350-2103,1977-11-05,2010-03-05,IRA,Active,39946.32,1466.55,299.36,807,461,West,US,NM,27353,Online,2025-09-06,email,YES,1,dataset_B,2026-05-15 16:41:45,655
B000056,Matthew,Martin,matthewmartin164@yahoo.com,(731) 387-4826,1970-10-29,2021-09-24,Checking,Pending,29333.57,567.83,352.31,334,438,West,US,FL,10565,Online,2025-01-16,,NO,0,dataset_B,2026-05-15 16:41:45,656
B000057,James,Lewis,jameslewis631@hotmail.com,(975) 982-5757,1950-09-08,2013-10-14,Savings,Closed,40608.53,46822.36,9091.55,623,,Southwest,US,NY,35749,Agent,2025-10-13,,NO,0,dataset_B,2026-05-15 16:41:45,657
B000058,Anthony,Garcia,anthonygarcia776@icloud.com,(962) 797-2162,1996-05-04,2020-08-13,Savings,Closed,76060.41,8966.93,7591.66,300,252,Southwest,US,WV,80063,Mail,2024-06-04,,NO,0,dataset_B,2026-05-15 16:41:45,658
B000059,James,Walker,,(999) 565-2471,1971-08-06,2024-02-22,Money Market,Closed,7159.74,37852.78,1402.04,662,176,Northeast,US,WA,22509,Referral,2025-07-14,email,YES,1,dataset_B,2026-05-15 16:41:45,659
B000060,Michelle,Sanchez,michellesanchez686@outlook.com,(684) 202-1828,2002-09-27,2000-07-25,Money Market,Active,24512.07,33320.27,33135.71,453,411,Southeast,US,PA,60150,Mail,2023-03-23,,NO,0,dataset_B,2026-05-15 16:41:45,660
B000061,Paul,Scott,paulscott409@outlook.com,(355) 601-6270,1980-04-26,2017-02-20,IRA,Inactive,62648.37,34668.66,11875.6,,309,Midwest,US,KY,12708,Phone,2023-04-20,,NO,0,dataset_B,2026-05-15 16:41:45,661
B000062,Steven,Hill,stevenhill572@hotmail.com,(813) 916-2518,1975-04-25,2008-12-15,Savings,Suspended,99236.22,2128.01,1142.98,348,409,Southeast,US,TX,25637,Online,2025-04-05,,NO,0,dataset_B,2026-05-15 16:41:45,662
B000063,Ashley,,ashleyhernandez151@gmail.com,(572) 928-5563,1955-02-02,2006-04-03,Checking,Suspended,31010.71,30030.98,22400.04,647,295,Southwest,US,MO,63500,Branch,2024-01-04,last_name,YES,1,dataset_B,2026-05-15 16:41:45,663
B000064,Andrew,Harris,andrewharris945@gmail.com,(508) 216-3125,,2023-10-03,Checking,Suspended,36011.86,48811.15,11651.51,,454,Southwest,US,LA,11050,Phone,2023-09-05,,NO,0,dataset_B,2026-05-15 16:41:45,664
B000065,Donna,Williams,donnawilliams607@gmail.com,(338) 223-5297,1967-12-12,2020-12-20,Savings,Active,98837.88,2935.11,2844.64,846,68,Southwest,US,MN,74618,Referral,2024-11-06,,NO,0,dataset_B,2026-05-15 16:41:45,665
B000066,Donna,Rodriguez,donnarodriguez45@outlook.com,(430) 726-2483,1951-06-18,2024-07-31,Money Market,Pending,28225.91,27841.84,23533.82,707,80,West,US,UT,58627,Branch,2025-10-10,,NO,0,dataset_B,2026-05-15 16:41:45,666
B000067,Anthony,Harris,anthonyharris13@yahoo.com,,1963-03-11,2018-03-20,Money Market,Active,96935.5,20419.44,1449.91,304,117,Northeast,US,NV,75149,Social Media,2025-05-16,,NO,0,dataset_B,2026-05-15 16:41:45,667
B000068,Mark,Torres,marktorres64@outlook.com,,1973-09-14,2009-08-03,Money Market,Suspended,12459.33,12783.0,5883.18,381,477,West,US,OH,62148,Mail,2024-07-09,,NO,0,dataset_B,2026-05-15 16:41:45,668
B000069,Jessica,Ramirez,jessicaramirez339@hotmail.com,(470) 842-8536,1950-08-15,2002-03-16,CD,Suspended,88460.06,27686.45,7346.85,402,,Southwest,US,NY,41705,Branch,2023-10-22,,NO,0,dataset_B,2026-05-15 16:41:45,669
B000070,Donald,Wilson,donaldwilson806@yahoo.com,(774) 336-6278,1964-09-13,2020-08-22,IRA,Inactive,20638.5,49914.57,45843.85,463,273,Southeast,US,AZ,27912,Branch,2023-02-14,,NO,0,dataset_B,2026-05-15 16:41:45,670
B000071,James,Jones,jamesjones434@icloud.com,(504) 706-2156,1997-02-15,2000-05-28,Money Market,Active,18484.34,38057.27,13019.26,358,226,West,US,VT,89868,,,,NO,0,dataset_B,2026-05-15 16:41:45,671
B000072,Charles,Thomas,charlesthomas219@yahoo.com,(331) 704-8362,1969-08-03,2018-07-30,Checking,Suspended,18022.66,37918.4,18130.4,,185,Southwest,US,AZ,53916,Phone,2025-10-28,,NO,0,dataset_B,2026-05-15 16:41:45,672
B000073,Charles,Garcia,charlesgarcia746@gmail.com,(476) 218-8116,1982-11-29,2020-04-05,IRA,Active,63851.47,39554.27,6324.77,550,97,Midwest,US,SD,62892,Social Media,2025-04-23,,NO,0,dataset_B,2026-05-15 16:41:45,673
B000074,Andrew,Lewis,andrewlewis274@outlook.com,(801) 915-8936,1998-06-08,2003-06-21,IRA,Suspended,,32284.44,,512,213,Southwest,US,ME,38374,Branch,2024-03-31,balance_amount,YES,1,dataset_B,2026-05-15 16:41:45,674
B000075,Matthew,Miller,matthewmiller134@gmail.com,(276) 876-2709,1975-11-13,,Savings,Suspended,15273.32,27402.63,25188.67,497,497,Midwest,US,NY,49344,Branch,2023-11-27,account_open_date,YES,1,dataset_B,2026-05-15 16:41:45,675
B000076,Ashley,Allen,ashleyallen713@hotmail.com,(409) 661-9615,1993-05-04,2024-09-07,IRA,Active,5953.51,25669.59,18771.84,561,189,Southwest,US,WV,85360,Phone,,,NO,0,dataset_B,2026-05-15 16:41:45,676
B000077,Steven,Ramirez,stevenramirez704@hotmail.com,(447) 203-8287,1985-06-08,2024-05-10,Savings,Suspended,62164.98,28368.45,210.18,664,375,West,US,NE,46409,Referral,2025-06-12,,NO,0,dataset_B,2026-05-15 16:41:45,677
B000078,Daniel,Young,,(736) 657-6530,1987-03-24,2013-01-22,Checking,Suspended,99115.4,8607.39,916.78,562,133,West,US,PA,90166,Mail,2023-01-11,email,YES,1,dataset_B,2026-05-15 16:41:45,678
B000079,,Gonzalez,richardgonzalez542@hotmail.com,(242) 947-2040,1971-12-30,2013-05-19,Savings,Pending,91171.01,49905.58,2256.84,349,376,Northeast,US,RI,46435,,2023-01-25,first_name,YES,1,dataset_B,2026-05-15 16:41:45,679
B000080,Robert,Hill,roberthill488@icloud.com,(479) 544-3504,1959-10-29,,Checking,Suspended,48221.49,42231.69,15948.41,606,498,West,US,MA,75308,Agent,2024-01-04,account_open_date,YES,1,dataset_B,2026-05-15 16:41:45,680
B000081,Mary,Perez,maryperez599@icloud.com,(476) 350-1725,1958-01-28,2006-11-04,IRA,Active,4038.32,32893.05,5051.22,750,241,Southwest,US,NJ,57523,Phone,2023-08-21,,NO,0,dataset_B,2026-05-15 16:41:45,681
B000082,Steven,Ramirez,stevenramirez756@outlook.com,(972) 941-3115,1978-09-16,2017-10-13,Money Market,Active,99339.7,34336.79,22205.7,,369,West,US,WI,46693,Branch,2025-11-09,,NO,0,dataset_B,2026-05-15 16:41:45,682
B000083,Jessica,Miller,jessicamiller870@hotmail.com,(857) 897-2416,1997-07-07,2022-06-16,Savings,Suspended,18843.22,124.39,70.05,323,475,Southeast,US,NJ,28928,Branch,2023-01-09,,NO,0,dataset_B,2026-05-15 16:41:45,683
B000084,Donna,Johnson,donnajohnson156@yahoo.com,(981) 638-6183,1998-08-22,2002-06-30,Money Market,Suspended,22413.9,33965.48,23886.8,755,160,West,US,ND,20144,Social Media,2023-03-23,,NO,0,dataset_B,2026-05-15 16:41:45,684
B000085,Ashley,Allen,ashleyallen68@outlook.com,(722) 823-7399,1999-05-04,2024-10-09,Savings,Pending,,16020.28,10977.86,454,204,Southeast,US,DE,92784,Social Media,2023-02-27,balance_amount,YES,1,dataset_B,2026-05-15 16:41:45,685
B000086,Jennifer,Scott,jenniferscott900@icloud.com,(871) 980-2610,1962-01-02,2021-11-28,CD,Pending,,46419.92,27208.4,450,73,West,US,IA,39347,Referral,2025-11-13,balance_amount,YES,1,dataset_B,2026-05-15 16:41:45,686
B000087,Sandra,Martin,sandramartin623@hotmail.com,(723) 828-7779,1970-03-19,2020-01-04,CD,Inactive,92092.68,12130.52,10187.99,523,168,Northeast,US,UT,51719,Mail,2023-09-03,,NO,0,dataset_B,2026-05-15 16:41:45,687
B000088,Jennifer,King,jenniferking490@icloud.com,(469) 245-6098,1995-04-09,2003-04-06,CD,Active,60152.16,43858.7,33005.55,630,101,Southwest,US,DE,52506,Agent,2025-12-29,,NO,0,dataset_B,2026-05-15 16:41:45,688
B000089,John,Nguyen,johnnguyen655@hotmail.com,(437) 854-5957,1973-12-15,2013-03-02,CD,Pending,87773.32,,18450.25,737,,Southeast,US,FL,90367,Referral,2025-10-18,,NO,0,dataset_B,2026-05-15 16:41:45,689
B000090,Linda,Thompson,lindathompson597@hotmail.com,(878) 649-4826,1985-04-21,2009-07-05,IRA,Active,36288.17,35320.92,24909.05,467,116,Midwest,US,CO,59271,Social Media,2025-02-02,,NO,0,dataset_B,2026-05-15 16:41:45,690
B000091,Thomas,Wright,thomaswright254@icloud.com,(593) 682-5171,1960-12-22,2016-01-01,Checking,Suspended,43002.47,19453.06,18073.6,365,,Southeast,US,CA,77321,Agent,2023-05-28,,NO,0,dataset_B,2026-05-15 16:41:45,691
B000092,Charles,Miller,charlesmiller234@outlook.com,(461) 775-4332,,2005-08-16,Savings,Inactive,83696.6,,14179.22,656,,Southwest,US,VA,34532,Online,2024-01-22,,NO,0,dataset_B,2026-05-15 16:41:45,692
B000093,Ashley,,ashleydavis615@hotmail.com,(446) 484-3849,1952-11-16,2005-09-28,Savings,Closed,98989.74,20693.15,1497.57,748,283,Southwest,US,NY,56934,Phone,2023-12-07,last_name,YES,1,dataset_B,2026-05-15 16:41:45,693
B000094,Michelle,Jones,,,1985-06-24,2013-10-11,CD,Active,63384.3,13803.91,6758.62,523,299,Midwest,US,WV,94259,Mail,2024-11-16,email,YES,1,dataset_B,2026-05-15 16:41:45,694
B000095,David,Lopez,,(760) 531-1040,1980-05-01,2009-05-05,Money Market,Pending,37250.72,44039.93,23492.88,300,386,Southeast,US,CA,43120,Referral,2023-06-21,email,YES,1,dataset_B,2026-05-15 16:41:45,695
B000096,Charles,Nguyen,charlesnguyen850@yahoo.com,(729) 677-6190,,2014-06-15,CD,Suspended,14456.1,4639.75,240.19,682,30,West,US,NM,41877,Online,2023-06-22,,NO,0,dataset_B,2026-05-15 16:41:45,696
B000097,Robert,Taylor,,(279) 761-8472,2005-09-03,2023-12-07,Savings,Closed,47878.8,20627.64,8386.09,302,219,Southeast,US,KS,19450,Referral,2024-03-01,email,YES,1,dataset_B,2026-05-15 16:41:45,697
B000098,James,Sanchez,jamessanchez35@gmail.com,(862) 907-6490,1951-11-09,2006-03-12,Checking,Active,18060.96,2711.49,1094.67,405,131,West,US,OR,28568,Online,2025-02-04,,NO,0,dataset_B,2026-05-15 16:41:45,698
B000099,Jessica,King,jessicaking145@yahoo.com,(801) 333-4017,1954-03-27,2001-03-27,IRA,Active,13136.19,6831.5,1419.14,514,51,Southeast,US,MS,33794,Phone,2023-08-28,,NO,0,dataset_B,2026-05-15 16:41:45,699
B000100,Joshua,Taylor,joshuataylor344@hotmail.com,(991) 505-8253,1950-06-13,2022-12-19,Money Market,Inactive,67767.13,16662.83,9720.15,747,325,Southeast,US,LA,96752,Phone,2025-01-08,,NO,0,dataset_B,2026-05-15 16:41:45,700
B000101,Joseph,Thompson,josephthompson415@gmail.com,(540) 776-2086,1984-12-30,2011-01-18,IRA,Suspended,33128.14,8878.18,4197.0,524,434,Midwest,US,HI,47819,Mail,2024-08-07,,NO,0,dataset_B,2026-05-15 16:41:45,701
B000102,Christopher,Anderson,christopheranderson347@yahoo.com,(984) 790-6555,1963-10-29,2017-01-06,Savings,Closed,55899.9,34937.11,5473.05,728,381,Southeast,US,MA,45579,Branch,2024-09-08,,NO,0,dataset_B,2026-05-15 16:41:45,702
B000103,Steven,Ramirez,stevenramirez253@icloud.com,(681) 804-4872,1999-07-01,2004-04-24,IRA,Active,2126.49,39239.61,20218.96,772,,Southwest,US,FL,59747,Online,2023-12-07,,NO,0,dataset_B,2026-05-15 16:41:45,703
B000104,Karen,,karenwright629@hotmail.com,(481) 787-4407,1960-12-27,2008-10-23,CD,Suspended,81359.08,47946.29,40194.75,468,359,Southwest,US,IN,35068,Phone,2023-12-10,last_name,YES,1,dataset_B,2026-05-15 16:41:45,704
B000105,Donna,Martin,donnamartin12@yahoo.com,(312) 385-7776,1984-05-20,2020-08-22,CD,Active,39238.87,28632.87,6419.39,,55,West,US,AK,24888,Mail,2024-05-20,,NO,0,dataset_B,2026-05-15 16:41:45,705
B000106,Donna,Williams,donnawilliams780@gmail.com,(629) 693-4360,1974-07-20,2012-08-16,IRA,Closed,19066.09,11581.19,824.1,,465,Northeast,US,MT,11366,Referral,,,NO,0,dataset_B,2026-05-15 16:41:45,706
B000107,David,Williams,davidwilliams155@icloud.com,(757) 233-2185,2004-01-11,2006-06-23,Savings,Closed,55963.03,44085.01,14509.55,459,107,Northeast,US,NV,18045,Agent,2023-07-16,,NO,0,dataset_B,2026-05-15 16:41:45,707
B000108,Donna,Miller,donnamiller211@icloud.com,(288) 707-2900,1962-02-18,2013-11-17,Money Market,Suspended,37906.84,,2218.06,596,67,Southwest,US,SD,49200,Referral,2025-09-19,,NO,0,dataset_B,2026-05-15 16:41:45,708
B000109,Joshua,Wilson,joshuawilson994@hotmail.com,(819) 273-4913,1957-02-24,2022-05-25,Checking,Suspended,47381.9,25503.82,7300.93,455,145,Northeast,US,VA,41125,Online,2024-03-22,,NO,0,dataset_B,2026-05-15 16:41:45,709
B000110,Joshua,Ramirez,joshuaramirez989@yahoo.com,(530) 379-9140,1956-09-25,2016-04-18,Checking,Suspended,38547.87,20326.0,12471.66,667,309,West,US,RI,38954,,2024-11-28,,NO,0,dataset_B,2026-05-15 16:41:45,710
B000111,Margaret,Wilson,margaretwilson375@outlook.com,(941) 288-8465,1986-04-07,2016-03-21,Money Market,Suspended,77718.84,14812.18,9825.46,581,,West,US,TN,65178,Social Media,2023-03-24,,NO,0,dataset_B,2026-05-15 16:41:45,711
B000112,Michael,Smith,michaelsmith4@hotmail.com,(302) 697-3221,1950-10-09,2008-08-14,Checking,Closed,40622.4,29975.25,4196.74,451,284,Northeast,US,OH,46401,Mail,2023-11-15,,NO,0,dataset_B,2026-05-15 16:41:45,712
B000113,Joshua,Nguyen,joshuanguyen610@outlook.com,(819) 318-4738,1959-02-18,2011-01-17,Money Market,Inactive,2710.95,13645.98,6045.12,843,472,Southwest,US,ME,25421,Agent,2025-06-01,,NO,0,dataset_B,2026-05-15 16:41:45,713
B000114,John,,,(304) 836-5713,1979-07-22,2014-12-07,IRA,Active,52181.18,1460.53,685.76,765,452,West,US,AZ,32975,Online,2024-04-02,"last_name, email",YES,2,dataset_B,2026-05-15 16:41:45,714
B000115,Daniel,Young,danielyoung935@icloud.com,(991) 318-3390,2005-03-09,2019-11-12,Savings,Suspended,64068.78,,26745.27,804,303,Northeast,US,OH,46471,Branch,2023-02-01,,NO,0,dataset_B,2026-05-15 16:41:45,715
B000116,Sandra,Torres,sandratorres653@gmail.com,(215) 586-2092,1984-08-11,2010-10-16,Money Market,Closed,68791.78,17964.31,7169.07,724,114,West,US,CA,49169,Phone,2023-04-30,,NO,0,dataset_B,2026-05-15 16:41:45,716
B000117,Mary,Allen,maryallen288@yahoo.com,(502) 475-5936,1994-10-04,2000-05-29,Savings,Inactive,47630.52,19923.41,3468.84,304,140,Southeast,US,MD,24497,Agent,2024-05-20,,NO,0,dataset_B,2026-05-15 16:41:45,717
B000118,Christopher,Wright,christopherwright347@outlook.com,,1964-05-10,2010-09-23,Savings,Pending,45582.86,42292.23,12311.97,527,164,Southeast,US,ND,60708,,2023-10-14,,NO,0,dataset_B,2026-05-15 16:41:45,718
B000119,Susan,Flores,susanflores615@gmail.com,(334) 227-5948,1991-08-18,2007-12-07,Savings,Pending,43983.5,4960.44,2996.72,305,64,Northeast,US,IN,25874,Social Media,,,NO,0,dataset_B,2026-05-15 16:41:45,719
B000120,Daniel,Smith,danielsmith190@yahoo.com,(449) 416-7122,1993-11-27,2002-10-09,Checking,Inactive,4030.87,4760.98,2048.59,488,192,Midwest,US,VT,74517,Online,2025-01-24,,NO,0,dataset_B,2026-05-15 16:41:45,720
B000121,Lisa,Smith,lisasmith745@hotmail.com,(998) 552-4558,1971-01-09,2021-09-01,IRA,Active,57726.4,31082.45,13710.22,550,400,West,US,ME,56234,Branch,2023-08-02,,NO,0,dataset_B,2026-05-15 16:41:45,721
B000122,Dorothy,Ramirez,dorothyramirez993@hotmail.com,(977) 628-2096,2001-08-18,2014-05-28,CD,Active,71005.59,16999.07,2649.81,416,320,Southwest,US,AK,60643,Agent,2025-05-25,,NO,0,dataset_B,2026-05-15 16:41:45,722
B000123,William,Martinez,williammartinez204@hotmail.com,(851) 729-5660,1982-12-25,2022-05-03,Savings,Pending,11871.97,,16701.08,644,125,West,US,OR,29464,Social Media,2023-05-30,,NO,0,dataset_B,2026-05-15 16:41:45,723
B000124,Sandra,Thompson,sandrathompson614@icloud.com,(748) 930-5224,1999-09-06,2022-04-16,Checking,Closed,85071.4,18999.47,2649.69,581,15,Midwest,US,HI,66094,Mail,2025-01-06,,NO,0,dataset_B,2026-05-15 16:41:45,724
B000125,Joseph,White,josephwhite66@yahoo.com,(454) 700-6987,1978-04-03,2018-04-06,IRA,Closed,48529.1,49671.16,13842.46,594,425,Midwest,US,NE,91982,Branch,2025-04-26,,NO,0,dataset_B,2026-05-15 16:41:45,725
B000126,Andrew,Clark,andrewclark335@hotmail.com,(631) 984-3070,1987-06-29,2010-05-19,Checking,Pending,53150.1,16690.14,4296.05,441,294,Southwest,US,TX,58660,Online,2024-06-02,,NO,0,dataset_B,2026-05-15 16:41:45,726
B000127,Ashley,Scott,ashleyscott878@gmail.com,(340) 582-2904,1976-02-19,2020-08-02,IRA,Pending,28330.89,17244.45,9579.3,447,98,Southeast,US,VT,17353,Phone,2024-06-07,,NO,0,dataset_B,2026-05-15 16:41:45,727
B000128,Margaret,Young,margaretyoung410@hotmail.com,,,2023-03-27,Money Market,Inactive,680.95,9856.52,9508.48,509,108,Southwest,US,UT,85531,,2023-07-12,,NO,0,dataset_B,2026-05-15 16:41:45,728
B000129,Margaret,Young,margaretyoung742@gmail.com,,1987-08-14,2002-05-01,Savings,Closed,69579.84,19059.53,1783.62,520,422,Northeast,US,CA,24192,Referral,2023-08-13,,NO,0,dataset_B,2026-05-15 16:41:45,729
B000130,Kimberly,Brown,kimberlybrown554@gmail.com,(236) 492-5182,1955-01-07,2010-11-08,CD,Pending,21282.08,26196.13,21838.09,405,330,Midwest,US,NJ,51906,Referral,2024-02-08,,NO,0,dataset_B,2026-05-15 16:41:45,730
B000131,James,Miller,jamesmiller945@hotmail.com,,1953-05-04,2004-09-08,IRA,Pending,51390.12,15888.06,11149.08,409,475,West,US,NV,24787,Online,2025-08-20,,NO,0,dataset_B,2026-05-15 16:41:45,731
B000132,Donna,King,donnaking207@yahoo.com,(540) 749-4397,1972-05-12,2003-02-01,Money Market,Suspended,15563.05,3283.64,810.78,553,303,West,US,HI,47000,Branch,2023-10-18,,NO,0,dataset_B,2026-05-15 16:41:45,732
B000133,Donald,Perez,donaldperez573@gmail.com,,1950-07-31,2015-04-18,CD,Inactive,6186.85,16512.54,9784.13,527,35,Northeast,US,HI,51934,Branch,2025-01-29,,NO,0,dataset_B,2026-05-15 16:41:45,733
B000134,Sarah,Smith,sarahsmith824@icloud.com,(683) 328-1130,1970-01-28,2007-06-27,CD,Suspended,46445.13,9522.17,1104.13,813,163,Southwest,US,TN,76054,Mail,2023-05-06,,NO,0,dataset_B,2026-05-15 16:41:45,734
B000135,Jennifer,Martinez,jennifermartinez75@gmail.com,(700) 421-1849,1993-05-15,2021-01-24,CD,Active,82641.67,35816.4,17003.36,744,204,Southwest,US,NE,48796,Online,2025-12-02,,NO,0,dataset_B,2026-05-15 16:41:45,735
B000136,Richard,Jackson,richardjackson798@outlook.com,(488) 341-7223,1982-09-14,2008-12-25,Checking,Pending,1115.82,30749.66,30259.95,,244,Southwest,US,AR,24944,Referral,2023-08-23,,NO,0,dataset_B,2026-05-15 16:41:45,736
B000137,Nancy,Williams,,(233) 337-7575,2001-04-20,2011-09-26,IRA,Suspended,3907.55,19848.27,4035.31,819,105,Northeast,US,RI,34496,Online,2025-05-04,email,YES,1,dataset_B,2026-05-15 16:41:45,737
B000138,Thomas,Harris,thomasharris249@icloud.com,(359) 223-4402,1994-05-25,2018-04-15,IRA,Inactive,92374.78,49247.56,12994.94,470,255,Midwest,US,AL,15163,,2023-12-02,,NO,0,dataset_B,2026-05-15 16:41:45,738
B000139,Patricia,Garcia,patriciagarcia312@hotmail.com,(413) 346-9118,1985-11-12,2002-07-23,Savings,Inactive,78886.03,15981.48,10475.14,505,45,Northeast,US,WA,14943,,2024-04-25,,NO,0,dataset_B,2026-05-15 16:41:45,739
B000140,Kimberly,Davis,kimberlydavis745@gmail.com,(859) 436-6503,1975-01-01,2008-01-23,IRA,Inactive,80859.0,15486.13,3416.63,734,394,Southeast,US,OH,94239,Online,2023-06-18,,NO,0,dataset_B,2026-05-15 16:41:45,740
B000141,Sandra,King,sandraking69@outlook.com,(462) 987-8503,1981-05-03,2003-12-17,IRA,Inactive,85231.48,43260.85,361.96,809,309,West,US,ME,28285,Online,2023-09-13,,NO,0,dataset_B,2026-05-15 16:41:45,741
B000142,Sandra,Hill,sandrahill239@hotmail.com,(615) 697-7998,1958-10-26,2017-11-09,IRA,Inactive,99869.17,36672.33,19977.14,,450,Southeast,US,NJ,62627,Branch,2024-12-01,,NO,0,dataset_B,2026-05-15 16:41:45,742
B000143,Mark,Allen,markallen851@icloud.com,(604) 532-3769,2004-11-01,,IRA,Pending,624.9,34961.85,18720.69,649,245,Southwest,US,MA,89070,Social Media,2024-08-29,account_open_date,YES,1,dataset_B,2026-05-15 16:41:45,743
B000144,Richard,Scott,richardscott379@icloud.com,(327) 991-8222,1984-07-10,2008-06-14,Savings,Pending,1975.99,1466.31,1271.88,395,225,Northeast,US,MD,78889,,2023-03-31,,NO,0,dataset_B,2026-05-15 16:41:45,744
B000145,Susan,Taylor,susantaylor277@icloud.com,(557) 854-8586,,2008-10-19,Savings,Closed,70252.6,9047.35,4588.6,336,87,Northeast,US,MT,96712,Agent,2023-11-02,,NO,0,dataset_B,2026-05-15 16:41:45,745
B000146,,Clark,,(854) 400-1324,1973-06-23,2018-12-30,IRA,Suspended,81994.4,31699.4,25125.1,325,167,Northeast,US,TN,46318,Referral,2025-01-22,"first_name, email",YES,2,dataset_B,2026-05-15 16:41:45,746
B000147,Dorothy,Taylor,dorothytaylor51@hotmail.com,(581) 424-5167,1955-11-20,2019-01-04,CD,Closed,54046.39,24647.34,16421.46,818,151,Southeast,US,TX,56291,Agent,2025-05-28,,NO,0,dataset_B,2026-05-15 16:41:45,747
B000148,Anthony,Young,,(684) 573-9593,1995-07-26,2007-02-19,IRA,Pending,97853.06,41493.52,10448.99,740,353,West,US,AZ,56665,Online,2024-09-17,email,YES,1,dataset_B,2026-05-15 16:41:45,748
B000149,Betty,Williams,bettywilliams611@yahoo.com,(401) 487-3821,2004-02-22,2020-12-19,CD,Inactive,52967.17,20044.65,5404.86,653,496,Southeast,US,OK,13745,Online,2024-11-17,,NO,0,dataset_B,2026-05-15 16:41:45,749
B000150,Linda,Thompson,lindathompson40@yahoo.com,(775) 296-6106,1970-05-13,2020-10-24,Savings,Inactive,68757.33,31801.29,26472.53,380,371,Northeast,US,GA,41326,Agent,2023-01-03,,NO,0,dataset_B,2026-05-15 16:41:45,750
B000151,David,Sanchez,davidsanchez367@yahoo.com,(387) 883-6635,1954-02-08,2010-08-01,Money Market,Closed,88434.39,40855.75,10603.87,341,421,Northeast,US,PA,40428,Referral,2025-03-09,,NO,0,dataset_B,2026-05-15 16:41:45,751
B000152,Lisa,Thompson,lisathompson849@outlook.com,(627) 338-8764,1959-08-29,2011-06-02,Checking,Inactive,30922.78,34213.16,28412.5,733,390,Southeast,US,WI,65758,Referral,,,NO,0,dataset_B,2026-05-15 16:41:45,752
B000153,Kimberly,Davis,kimberlydavis524@hotmail.com,(285) 817-8069,1971-01-27,2003-04-23,Checking,Closed,38921.63,705.78,508.94,446,64,Southwest,US,NH,39827,Agent,2023-12-21,,NO,0,dataset_B,2026-05-15 16:41:45,753
B000154,Joseph,King,josephking942@icloud.com,,2004-07-12,2016-06-05,Savings,Pending,52824.56,1923.92,205.99,782,189,Southwest,US,ID,89479,,,,NO,0,dataset_B,2026-05-15 16:41:45,754
B000155,Thomas,Gonzalez,thomasgonzalez917@gmail.com,(581) 430-2385,1964-01-25,2021-09-13,Checking,Closed,,35362.4,4055.79,778,199,Midwest,US,CA,69233,Branch,2025-11-08,balance_amount,YES,1,dataset_B,2026-05-15 16:41:45,755
B000156,Barbara,Flores,barbaraflores86@gmail.com,(763) 452-7505,1956-10-10,2020-08-27,Checking,Active,72981.0,24458.59,16691.63,752,177,West,US,WA,20613,Referral,2023-04-26,,NO,0,dataset_B,2026-05-15 16:41:45,756
B000157,Patricia,Smith,patriciasmith829@yahoo.com,(706) 768-1560,1977-10-13,2002-06-24,IRA,Suspended,90.78,38805.69,9225.65,,139,Southwest,US,UT,55611,Referral,2023-10-27,,NO,0,dataset_B,2026-05-15 16:41:45,757
B000158,Paul,Allen,paulallen99@gmail.com,(249) 968-6137,1971-10-12,2004-05-07,Savings,Active,7089.46,12179.35,6660.95,541,394,Southeast,US,UT,20065,Social Media,2025-12-07,,NO,0,dataset_B,2026-05-15 16:41:45,758
B000159,Anthony,Anderson,anthonyanderson426@gmail.com,(690) 451-7232,1991-10-18,2013-09-26,CD,Inactive,23374.68,,2283.76,402,494,Northeast,US,NJ,24960,Mail,2025-01-17,,NO,0,dataset_B,2026-05-15 16:41:45,759
B000160,Paul,Hill,paulhill329@gmail.com,(999) 798-2318,1977-08-04,2016-04-19,Savings,Pending,17620.49,22938.89,18871.88,764,40,Southwest,US,WA,99699,Social Media,2025-10-23,,NO,0,dataset_B,2026-05-15 16:41:45,760
B000161,Barbara,Ramirez,barbararamirez247@icloud.com,(994) 651-9911,1952-07-04,2009-04-22,IRA,Pending,35114.73,5327.59,5288.98,443,335,Midwest,US,TX,59909,Online,2025-11-03,,NO,0,dataset_B,2026-05-15 16:41:45,761
B000162,Sandra,Wilson,sandrawilson745@yahoo.com,(299) 900-5885,1959-06-03,2022-12-09,CD,Pending,-414.73,47571.4,43912.29,327,198,West,US,OR,60790,Phone,2025-09-16,,NO,0,dataset_B,2026-05-15 16:41:45,762
B000163,Emily,Scott,emilyscott799@yahoo.com,(433) 611-4719,1957-01-24,2008-02-15,IRA,Active,-199.51,13915.2,13011.3,528,22,Northeast,US,MO,99861,Branch,2023-06-17,,NO,0,dataset_B,2026-05-15 16:41:45,763
B000164,William,Allen,williamallen161@outlook.com,(797) 991-7561,1993-07-02,2023-03-08,IRA,Closed,47721.33,25929.69,7386.32,358,476,Northeast,US,NY,26284,Online,2025-04-18,,NO,0,dataset_B,2026-05-15 16:41:45,764
B000165,Daniel,King,danielking756@gmail.com,(643) 278-9069,1978-11-02,2004-03-31,Checking,Inactive,55065.64,26726.86,9796.02,482,385,Southwest,US,RI,49988,Phone,2025-09-26,,NO,0,dataset_B,2026-05-15 16:41:45,765
B000166,Jennifer,Torres,jennifertorres860@yahoo.com,(601) 743-3731,1960-03-18,2000-07-31,CD,Closed,52318.35,34487.07,5922.83,499,61,Southeast,US,CA,71630,Phone,2024-05-11,,NO,0,dataset_B,2026-05-15 16:41:45,766
B000167,John,Martin,johnmartin706@icloud.com,(580) 728-6454,1980-08-29,2010-07-07,IRA,Pending,83396.78,12133.63,5846.34,523,78,Midwest,US,WY,54829,Online,2024-07-11,,NO,0,dataset_B,2026-05-15 16:41:45,767
B000168,Susan,Lee,susanlee572@gmail.com,(631) 383-2741,1966-07-05,2001-09-03,CD,Inactive,62749.7,42152.14,10884.02,557,48,Southeast,US,WY,16910,Phone,2025-08-21,,NO,0,dataset_B,2026-05-15 16:41:45,768
B000169,Nancy,Flores,nancyflores48@icloud.com,(338) 844-5547,1952-11-18,2007-11-20,CD,Inactive,42579.23,33080.09,30623.21,820,449,West,US,NM,35180,Mail,2025-06-09,,NO,0,dataset_B,2026-05-15 16:41:45,769
B000170,Donald,Anderson,donaldanderson724@outlook.com,(374) 952-5429,2005-04-30,2010-04-18,Savings,Inactive,97449.41,35317.36,,402,158,Southeast,US,ME,82449,Social Media,2023-11-15,,NO,0,dataset_B,2026-05-15 16:41:45,770
B000171,Mary,Hernandez,maryhernandez710@outlook.com,(621) 559-2488,1996-07-03,2015-01-02,Checking,Pending,24087.4,41839.2,12925.35,366,239,Midwest,US,SD,27594,Referral,2023-11-07,,NO,0,dataset_B,2026-05-15 16:41:45,771
B000172,Patricia,Allen,,(525) 592-6235,1966-05-04,2007-11-14,Savings,Inactive,38247.12,3804.66,1646.59,733,396,Midwest,US,IA,40371,Phone,2024-05-27,email,YES,1,dataset_B,2026-05-15 16:41:45,772
B000173,Paul,Gonzalez,paulgonzalez624@gmail.com,,1965-10-12,2012-02-13,Money Market,Pending,83495.35,39652.48,9442.44,679,490,Southwest,US,NV,90254,Referral,2025-05-11,,NO,0,dataset_B,2026-05-15 16:41:45,773
B000174,Betty,Jackson,bettyjackson180@outlook.com,(537) 551-1341,1968-04-27,2000-12-21,Savings,Pending,24533.48,28101.0,22676.4,578,471,Northeast,US,KS,84621,Mail,2025-05-14,,NO,0,dataset_B,2026-05-15 16:41:45,774
B000175,Christopher,Hill,christopherhill99@hotmail.com,(204) 238-6574,1999-05-22,2009-09-07,IRA,Suspended,40188.19,2240.08,971.38,564,209,Southwest,US,VT,94210,Online,2025-06-06,,NO,0,dataset_B,2026-05-15 16:41:45,775
B000176,Thomas,Flores,thomasflores451@gmail.com,(933) 658-2681,1993-06-02,2014-08-12,Checking,Pending,7619.75,48168.7,963.51,803,133,Southeast,US,IN,47235,Agent,2025-01-23,,NO,0,dataset_B,2026-05-15 16:41:45,776
B000177,Sandra,Torres,sandratorres530@outlook.com,(861) 543-7700,2001-09-24,2013-12-11,Money Market,Inactive,1373.98,48820.25,23025.04,471,410,Midwest,US,AZ,27046,,2024-10-24,,NO,0,dataset_B,2026-05-15 16:41:45,777
B000178,Sandra,Lopez,sandralopez774@hotmail.com,(974) 455-9475,2001-05-28,2018-07-04,CD,Inactive,87391.71,15042.73,284.99,322,435,Southwest,US,OK,85773,Mail,2023-06-22,,NO,0,dataset_B,2026-05-15 16:41:45,778
B000179,James,Jackson,jamesjackson659@icloud.com,,1984-09-29,2002-04-25,Savings,Closed,85895.27,7371.49,4635.69,820,193,Southeast,US,IA,23756,Phone,2023-11-05,,NO,0,dataset_B,2026-05-15 16:41:45,779
B000180,Mark,Clark,markclark91@hotmail.com,(657) 508-5586,1991-11-05,2007-06-10,Savings,Suspended,71263.47,37139.23,19987.69,821,465,West,US,NY,74998,Referral,2025-05-02,,NO,0,dataset_B,2026-05-15 16:41:45,780
B000181,Charles,Thomas,charlesthomas964@outlook.com,(967) 670-5157,1952-06-20,2020-11-21,Money Market,Active,83850.74,35643.11,34156.71,778,157,Midwest,US,IL,49065,Online,2025-08-22,,NO,0,dataset_B,2026-05-15 16:41:45,781
B000182,Jessica,Brown,jessicabrown637@icloud.com,(234) 618-7104,1995-06-02,2013-11-01,Savings,Pending,5347.98,1615.91,1057.93,551,92,Southeast,US,NE,66339,Online,2023-01-28,,NO,0,dataset_B,2026-05-15 16:41:45,782
B000183,Mary,Torres,marytorres755@gmail.com,,1995-10-01,2017-11-25,Checking,Pending,6549.03,36780.61,18477.93,758,141,Northeast,US,MD,50162,Mail,2023-10-07,,NO,0,dataset_B,2026-05-15 16:41:45,783
B000184,Anthony,Allen,anthonyallen499@gmail.com,(592) 760-3412,1951-03-06,2005-12-21,IRA,Pending,27706.75,23077.91,14281.17,468,354,Southeast,US,OR,34370,Mail,2024-08-08,,NO,0,dataset_B,2026-05-15 16:41:45,784
B000185,Donald,Thomas,donaldthomas639@icloud.com,(290) 744-7365,1977-08-30,2010-12-05,Checking,Closed,41944.27,45731.29,15529.62,606,423,Southeast,US,MA,89391,Referral,2023-04-02,,NO,0,dataset_B,2026-05-15 16:41:45,785
B000186,David,Anderson,davidanderson802@icloud.com,(898) 916-7656,1994-07-31,2009-02-20,Money Market,Active,47825.51,11283.02,1594.9,500,483,Midwest,US,OH,20293,Referral,2025-12-15,,NO,0,dataset_B,2026-05-15 16:41:45,786
B000187,David,Davis,daviddavis501@icloud.com,(735) 510-2244,1999-09-14,2023-04-10,Money Market,Pending,60032.9,17186.36,16197.53,525,390,Northeast,US,OK,15380,,2025-12-27,,NO,0,dataset_B,2026-05-15 16:41:45,787
B000188,Matthew,Gonzalez,matthewgonzalez266@yahoo.com,(822) 578-8590,1971-09-23,2004-07-22,Money Market,Inactive,70209.53,49101.48,4452.42,711,127,Midwest,US,MS,35660,,,,NO,0,dataset_B,2026-05-15 16:41:45,788
B000189,Lisa,Jackson,lisajackson11@hotmail.com,(958) 617-6907,1977-11-03,2014-06-05,CD,Inactive,43815.58,4397.54,4344.56,488,50,West,US,RI,44983,Referral,2025-03-05,,NO,0,dataset_B,2026-05-15 16:41:45,789
B000190,Michelle,Miller,michellemiller24@hotmail.com,,1961-11-17,2006-04-01,IRA,Inactive,97155.75,45885.9,5779.14,811,326,Southwest,US,SC,84511,Social Media,2023-10-27,,NO,0,dataset_B,2026-05-15 16:41:45,790
B000191,Karen,Young,karenyoung587@gmail.com,(848) 848-6762,1961-11-26,2002-03-16,Savings,Active,74448.41,556.12,257.65,647,376,Southeast,US,OK,70696,Online,2024-12-17,,NO,0,dataset_B,2026-05-15 16:41:45,791
B000192,Susan,Williams,susanwilliams340@icloud.com,(728) 609-1261,1953-10-12,2007-10-13,CD,Closed,88400.69,40142.09,10577.04,708,310,Northeast,US,VA,85965,Online,2023-06-20,,NO,0,dataset_B,2026-05-15 16:41:45,792
B000193,Donna,Allen,donnaallen339@hotmail.com,(842) 562-8068,1969-10-15,2023-10-24,CD,Suspended,38910.33,34390.53,31340.87,543,199,Northeast,US,NE,94823,Branch,,,NO,0,dataset_B,2026-05-15 16:41:45,793
B000194,Michael,Gonzalez,michaelgonzalez570@hotmail.com,(281) 971-1252,1951-07-01,2011-02-07,Money Market,Inactive,416.71,13972.11,7957.64,424,414,Northeast,US,MS,40586,Referral,2024-05-05,,NO,0,dataset_B,2026-05-15 16:41:45,794
B000195,Jennifer,Clark,jenniferclark486@yahoo.com,(603) 705-1128,1972-12-14,2018-02-14,CD,Closed,63780.27,41003.67,24315.22,847,446,West,US,HI,80322,Online,2023-08-15,,NO,0,dataset_B,2026-05-15 16:41:45,795
B000196,Sarah,White,sarahwhite215@gmail.com,(632) 696-7709,1995-01-27,2017-11-27,IRA,Inactive,43397.35,25497.66,7157.87,786,40,Southeast,US,CO,72596,Referral,2024-06-11,,NO,0,dataset_B,2026-05-15 16:41:45,796
B000197,Steven,Flores,stevenflores501@outlook.com,(851) 498-9627,1964-01-15,2005-05-25,IRA,Pending,53513.63,22867.7,5122.82,664,36,Southwest,US,MD,24626,Phone,2025-12-20,,NO,0,dataset_B,2026-05-15 16:41:45,797
B000198,James,Brown,jamesbrown580@yahoo.com,(396) 238-2406,1979-05-13,2006-12-18,Savings,Inactive,34771.72,25215.84,19967.93,471,210,West,US,SD,78144,Social Media,2023-04-11,,NO,0,dataset_B,2026-05-15 16:41:45,798
B000199,Steven,,stevenwilliams282@gmail.com,(649) 965-4965,1997-12-04,2021-10-19,Money Market,Closed,79260.2,9826.75,3390.72,,248,Southwest,US,SD,28059,Mail,2024-12-11,last_name,YES,1,dataset_B,2026-05-15 16:41:45,799
B000200,Lisa,Flores,lisaflores588@gmail.com,(655) 956-3515,1982-11-09,2003-01-11,Savings,Pending,10262.1,,15682.45,442,81,Southwest,US,KY,38513,Phone,2025-05-09,,NO,0,dataset_B,2026-05-15 16:41:45,800
B000201,Charles,Sanchez,charlessanchez3@hotmail.com,(882) 776-2639,1955-10-21,2016-08-11,Money Market,Closed,55898.46,38838.08,30322.93,402,141,Southeast,US,ND,98206,Social Media,2024-11-19,,NO,0,dataset_B,2026-05-15 16:41:45,801
B000202,Karen,Lewis,,(510) 942-5314,1968-11-11,2009-12-26,CD,Active,34725.75,39006.6,21987.13,302,136,Northeast,US,NY,63073,Agent,2023-08-19,email,YES,1,dataset_B,2026-05-15 16:41:45,802
B000203,Donna,Robinson,donnarobinson478@gmail.com,(673) 665-4747,2005-02-18,2003-03-21,IRA,Suspended,99407.99,33199.51,12127.2,644,53,Midwest,US,TN,93083,Mail,2025-03-16,,NO,0,dataset_B,2026-05-15 16:41:45,803
B000204,Betty,Robinson,bettyrobinson220@icloud.com,(557) 765-1289,2002-03-22,2013-09-07,IRA,Active,66351.73,7582.43,1178.19,843,134,Northeast,US,WY,35351,Mail,2024-03-13,,NO,0,dataset_B,2026-05-15 16:41:45,804
B000205,Lisa,Lewis,lisalewis2@outlook.com,(848) 933-2573,1994-03-15,2011-06-01,Money Market,Closed,1333.41,5088.1,2636.66,590,392,Northeast,US,NJ,13329,Branch,,,NO,0,dataset_B,2026-05-15 16:41:45,805
B000206,Daniel,Flores,danielflores695@gmail.com,(671) 786-5418,1993-10-11,2007-12-27,Checking,Suspended,65734.88,1965.68,1472.81,542,394,West,US,NV,68349,Mail,2024-12-23,,NO,0,dataset_B,2026-05-15 16:41:45,806
B000207,Dorothy,Thomas,dorothythomas377@outlook.com,(746) 751-4512,1957-08-29,2015-06-30,IRA,Active,70174.71,29717.32,17937.4,617,325,West,US,IA,66651,Mail,2024-05-04,,NO,0,dataset_B,2026-05-15 16:41:45,807
B000208,Andrew,Clark,andrewclark453@gmail.com,(883) 211-1844,1970-06-26,2019-08-08,Savings,Suspended,95044.75,13401.51,13057.22,725,373,West,US,KY,18953,Branch,2025-07-12,,NO,0,dataset_B,2026-05-15 16:41:45,808
B000209,Donna,Miller,donnamiller91@yahoo.com,(873) 370-6280,1983-11-17,2021-11-12,Savings,Closed,67058.02,47845.7,18866.25,626,135,Midwest,US,MO,58798,Agent,2025-06-02,,NO,0,dataset_B,2026-05-15 16:41:45,809
B000210,Karen,Jackson,karenjackson947@gmail.com,(912) 550-2398,1990-05-21,2000-10-26,Checking,Inactive,10492.23,4877.79,2633.4,521,487,West,US,MD,23070,Phone,2024-07-26,,NO,0,dataset_B,2026-05-15 16:41:45,810
B000211,Thomas,Harris,thomasharris687@yahoo.com,(531) 473-1977,1959-12-26,2024-04-19,Checking,Inactive,,47305.93,18680.77,,5,Southwest,US,NV,24209,Phone,2025-10-08,balance_amount,YES,1,dataset_B,2026-05-15 16:41:45,811
B000212,Joshua,White,joshuawhite3@hotmail.com,,1996-12-20,2002-03-19,IRA,Suspended,41817.31,24139.02,5459.96,465,152,Southwest,US,KY,90577,Mail,2023-12-08,,NO,0,dataset_B,2026-05-15 16:41:45,812
B000213,Margaret,Williams,margaretwilliams331@yahoo.com,(233) 778-8971,1970-03-08,2005-02-18,CD,Active,60727.22,1021.66,882.08,402,278,Southwest,US,NJ,11412,Mail,2023-08-30,,NO,0,dataset_B,2026-05-15 16:41:45,813
B000214,Robert,Hill,roberthill255@hotmail.com,(343) 378-2852,1952-01-04,2020-06-06,IRA,Active,72726.86,39047.94,23564.81,676,387,Midwest,US,IL,99449,Social Media,2023-06-19,,NO,0,dataset_B,2026-05-15 16:41:45,814
B000215,Mark,Thomas,markthomas907@outlook.com,(990) 906-6655,1964-08-13,2002-02-10,IRA,Inactive,85053.95,24000.9,8823.77,793,6,Midwest,US,WI,89023,Mail,2025-10-06,,NO,0,dataset_B,2026-05-15 16:41:45,815
B000216,Mary,Gonzalez,marygonzalez34@outlook.com,,1985-08-03,2010-05-26,IRA,Closed,40785.95,22595.06,12621.95,764,206,Southwest,US,AR,11230,Mail,2024-09-27,,NO,0,dataset_B,2026-05-15 16:41:45,816
B000217,Donna,Robinson,donnarobinson693@yahoo.com,(381) 470-7884,1990-06-24,2022-03-06,Money Market,Active,84197.23,31952.64,8975.69,344,358,Southwest,US,WA,38471,Social Media,2023-09-07,,NO,0,dataset_B,2026-05-15 16:41:45,817
B000218,Nancy,Jackson,nancyjackson167@hotmail.com,(793) 935-5897,1987-02-07,2002-04-19,IRA,Suspended,4672.17,29717.57,10759.46,659,236,West,US,NJ,29883,Branch,2024-06-03,,NO,0,dataset_B,2026-05-15 16:41:45,818
B000219,Karen,Johnson,karenjohnson777@yahoo.com,,1983-12-31,2008-02-29,CD,Active,57786.99,30442.75,12474.44,334,441,Southwest,US,NJ,67544,Phone,2023-03-25,,NO,0,dataset_B,2026-05-15 16:41:45,819
B000220,Andrew,Clark,andrewclark148@hotmail.com,,1971-05-21,2024-05-11,Savings,Active,21893.52,23421.79,15298.13,506,98,Southeast,US,AR,28756,Branch,2024-04-15,,NO,0,dataset_B,2026-05-15 16:41:45,820
B000221,Mary,Sanchez,marysanchez834@gmail.com,(432) 896-1037,1980-04-11,2015-04-19,CD,Closed,83369.11,47596.64,4300.07,548,427,Southwest,US,KY,43267,Phone,2024-11-19,,NO,0,dataset_B,2026-05-15 16:41:45,821
B000222,Nancy,Thomas,,(570) 558-6095,1997-06-30,2019-02-12,Money Market,Inactive,96165.58,31587.56,15151.65,734,326,West,US,MT,13593,Agent,2024-04-13,email,YES,1,dataset_B,2026-05-15 16:41:45,822
B000223,William,Hernandez,williamhernandez126@yahoo.com,(934) 533-7574,1968-09-26,2005-11-28,IRA,Pending,88715.23,45852.66,40604.73,378,80,West,US,MS,63568,Branch,2023-08-20,,NO,0,dataset_B,2026-05-15 16:41:45,823
B000224,Andrew,Sanchez,andrewsanchez318@outlook.com,,1953-09-16,2014-02-01,Savings,Active,11042.95,417.1,293.35,384,250,Midwest,US,LA,18758,Mail,2025-10-17,,NO,0,dataset_B,2026-05-15 16:41:45,824
B000225,Robert,Brown,,(564) 375-7647,2001-03-29,2007-08-30,CD,Active,40281.97,6580.4,2248.22,493,293,West,US,NY,28580,Branch,2024-03-18,email,YES,1,dataset_B,2026-05-15 16:41:45,825
B000226,James,Ramirez,jamesramirez51@gmail.com,(697) 277-5389,1997-08-09,2004-06-21,Checking,Active,86375.08,16778.65,9488.26,794,14,Midwest,US,CA,84902,,2023-11-13,,NO,0,dataset_B,2026-05-15 16:41:45,826
B000227,Daniel,,danielrodriguez244@yahoo.com,(402) 972-8808,1995-05-09,2004-08-16,Money Market,Closed,70355.71,48476.57,40832.68,754,307,Northeast,US,NJ,53810,Social Media,2024-11-09,last_name,YES,1,dataset_B,2026-05-15 16:41:45,827
B000228,Lisa,Lopez,lisalopez307@icloud.com,(815) 281-9472,1971-01-05,2013-06-22,CD,Suspended,80975.62,41336.29,17950.01,791,384,Southeast,US,SD,50070,Branch,2024-02-12,,NO,0,dataset_B,2026-05-15 16:41:45,828
B000229,Ashley,King,ashleyking508@yahoo.com,(970) 928-6036,1996-09-07,2007-11-01,Checking,Inactive,60161.93,43350.48,813.38,600,442,Northeast,US,SD,14007,,2023-01-20,,NO,0,dataset_B,2026-05-15 16:41:45,829
B000230,Daniel,Walker,danielwalker234@hotmail.com,(910) 341-3062,2003-04-13,2009-11-26,Savings,Active,41227.57,14399.19,13786.72,360,347,Southwest,US,KS,24251,Agent,2025-07-31,,NO,0,dataset_B,2026-05-15 16:41:45,830
B000231,Margaret,Martin,margaretmartin934@gmail.com,(211) 849-2077,1961-04-17,2009-02-10,Money Market,Suspended,25491.78,48000.08,27610.06,630,350,Southwest,US,NM,20802,Referral,2023-02-10,,NO,0,dataset_B,2026-05-15 16:41:45,831
B000232,David,Martin,davidmartin477@yahoo.com,(788) 238-1910,1990-01-09,2013-12-25,IRA,Suspended,39969.75,529.89,172.15,353,145,Southeast,US,DE,62501,Phone,2023-10-22,,NO,0,dataset_B,2026-05-15 16:41:45,832
B000233,Patricia,Ramirez,patriciaramirez454@outlook.com,(436) 900-7557,1974-11-13,2008-03-20,IRA,Suspended,81048.19,13381.97,6111.19,823,113,Southwest,US,IA,46337,Referral,2024-03-02,,NO,0,dataset_B,2026-05-15 16:41:45,833
B000234,Joseph,Ramirez,,(751) 583-4127,1991-02-23,2010-04-28,Checking,Suspended,84435.95,7626.35,1007.2,329,45,Midwest,US,MA,80034,Social Media,2024-06-30,email,YES,1,dataset_B,2026-05-15 16:41:45,834
B000235,Patricia,Moore,patriciamoore156@yahoo.com,(272) 280-3560,1983-05-26,2010-07-06,Checking,Suspended,89483.78,40890.98,3726.52,653,178,Southeast,US,WA,50640,Phone,2023-05-21,,NO,0,dataset_B,2026-05-15 16:41:45,835
B000236,Donald,Davis,donalddavis342@hotmail.com,(642) 436-3845,1961-10-17,2000-12-10,CD,Inactive,85761.31,15702.95,10514.93,673,366,Midwest,US,FL,11213,Social Media,2025-07-27,,NO,0,dataset_B,2026-05-15 16:41:45,836
B000237,Christopher,Williams,christopherwilliams297@yahoo.com,(867) 630-8297,1956-09-12,2009-05-09,Checking,Pending,5000.86,30355.67,1151.76,591,213,Northeast,US,WA,38383,Phone,2025-11-17,,NO,0,dataset_B,2026-05-15 16:41:45,837
B000238,Michael,Wright,michaelwright609@yahoo.com,(448) 768-9568,1995-07-08,2015-10-21,Money Market,Suspended,3345.62,39962.43,,690,204,West,US,WI,31012,Mail,,,NO,0,dataset_B,2026-05-15 16:41:45,838
B000239,Dorothy,Hernandez,dorothyhernandez844@gmail.com,(658) 358-4164,1981-07-21,2020-11-27,Checking,Pending,72262.25,49175.8,29685.49,832,299,West,US,MS,23531,Agent,2024-04-08,,NO,0,dataset_B,2026-05-15 16:41:45,839
B000240,Anthony,Robinson,anthonyrobinson914@gmail.com,(727) 940-7846,1956-02-19,2022-01-16,Money Market,Closed,25651.34,24040.3,14607.37,711,155,Northeast,US,NC,16398,Agent,2024-05-03,,NO,0,dataset_B,2026-05-15 16:41:45,840
B000241,Mary,Williams,marywilliams138@outlook.com,(989) 680-8812,1971-09-16,2004-06-16,IRA,Suspended,52690.23,48066.24,40358.78,589,344,Northeast,US,GA,44422,,2024-08-17,,NO,0,dataset_B,2026-05-15 16:41:45,841
B000242,Patricia,Perez,patriciaperez303@icloud.com,(763) 413-9126,1991-02-10,2021-06-15,Checking,Suspended,99251.51,25364.04,20127.75,838,343,Northeast,US,PA,20416,Referral,2023-11-19,,NO,0,dataset_B,2026-05-15 16:41:45,842
B000243,Joseph,Johnson,josephjohnson504@outlook.com,(477) 623-7348,2005-07-20,2016-02-11,CD,Inactive,10188.84,49579.49,38572.3,,127,Southeast,US,ME,15105,Referral,2025-08-16,,NO,0,dataset_B,2026-05-15 16:41:45,843
B000244,Michael,Lopez,michaellopez369@gmail.com,(728) 844-3719,1995-06-22,2018-08-07,IRA,Active,65759.16,25932.85,3295.8,600,248,Northeast,US,PA,82990,Mail,2025-05-02,,NO,0,dataset_B,2026-05-15 16:41:45,844
B000245,Donald,Sanchez,donaldsanchez627@outlook.com,(215) 348-3622,1973-04-14,2011-06-04,CD,Inactive,82827.34,40515.68,18697.56,607,115,Northeast,US,OH,14137,Agent,2025-02-18,,NO,0,dataset_B,2026-05-15 16:41:45,845
B000246,Linda,,,(294) 713-3033,2002-01-18,2014-02-22,IRA,Inactive,60230.42,12426.82,5085.14,516,496,Midwest,US,CO,46818,Online,2023-05-23,"last_name, email",YES,2,dataset_B,2026-05-15 16:41:45,846
B000247,Emily,Miller,emilymiller320@gmail.com,(851) 318-8289,1950-03-14,2001-09-23,Checking,Pending,94852.12,17090.3,13786.27,764,338,Southwest,US,ND,37876,,2024-06-21,,NO,0,dataset_B,2026-05-15 16:41:45,847
B000248,Matthew,Moore,matthewmoore323@hotmail.com,(475) 255-8454,1952-06-14,2020-04-03,IRA,Pending,12076.9,38228.52,141.83,552,362,West,US,ME,21660,Branch,2025-08-04,,NO,0,dataset_B,2026-05-15 16:41:45,848
B000249,Matthew,Johnson,matthewjohnson230@yahoo.com,(769) 246-6696,1985-07-31,2001-08-16,IRA,Pending,42376.04,40453.24,16464.62,629,19,Midwest,US,AK,18052,Referral,2025-03-12,,NO,0,dataset_B,2026-05-15 16:41:45,849
B000250,Lisa,Scott,lisascott388@icloud.com,(865) 452-7640,1952-04-10,,CD,Suspended,81539.01,29547.1,6557.2,617,414,Northeast,US,NH,79180,Online,2023-01-06,account_open_date,YES,1,dataset_B,2026-05-15 16:41:45,850
B000251,Sandra,Brown,sandrabrown38@outlook.com,(565) 542-7928,1970-05-29,2023-04-13,CD,Closed,61416.78,8511.06,4830.43,327,372,Southeast,US,AL,17261,Referral,2024-04-01,,NO,0,dataset_B,2026-05-15 16:41:45,851
B000252,Daniel,Wilson,danielwilson737@hotmail.com,(306) 665-4546,1977-03-23,2006-10-12,Savings,Inactive,71622.12,47862.24,39375.46,685,496,West,US,GA,72804,Agent,2025-07-17,,NO,0,dataset_B,2026-05-15 16:41:45,852
B000253,Jennifer,Thomas,jenniferthomas281@icloud.com,(234) 640-1096,2000-03-03,2010-09-04,Savings,Active,19676.2,6218.4,,492,189,Southwest,US,MD,62513,Branch,2025-12-31,,NO,0,dataset_B,2026-05-15 16:41:45,853
B000254,James,Miller,jamesmiller962@outlook.com,(436) 813-4888,1961-11-14,2004-10-06,CD,Suspended,66093.48,31419.61,4741.7,356,318,Southwest,US,AR,10929,Online,2023-08-16,,NO,0,dataset_B,2026-05-15 16:41:45,854
B000255,Patricia,Garcia,patriciagarcia838@outlook.com,(458) 989-9425,,2022-12-19,Savings,Pending,42125.31,20763.91,7796.18,352,351,West,US,MT,72661,Branch,2024-03-22,,NO,0,dataset_B,2026-05-15 16:41:45,855
B000256,Thomas,King,thomasking128@hotmail.com,(622) 571-6193,1956-04-19,2003-03-22,Savings,Active,67465.04,47196.78,24838.22,594,196,Southeast,US,AK,30387,Branch,2023-08-27,,NO,0,dataset_B,2026-05-15 16:41:45,856
B000257,Joshua,Thomas,joshuathomas434@icloud.com,(644) 480-1244,1963-03-22,2003-01-14,Savings,Inactive,18522.06,45653.04,41074.01,711,466,Southwest,US,RI,41509,Mail,2024-10-19,,NO,0,dataset_B,2026-05-15 16:41:45,857
B000258,Christopher,Lopez,christopherlopez929@icloud.com,(454) 964-8032,1998-08-21,2005-03-17,Savings,Inactive,41154.67,12863.15,7782.2,628,245,Midwest,US,MA,55576,Phone,2023-04-25,,NO,0,dataset_B,2026-05-15 16:41:45,858
B000259,David,Walker,davidwalker544@hotmail.com,(216) 930-5365,1971-12-02,2018-07-02,CD,Suspended,92871.67,2606.52,495.92,374,3,Midwest,US,MN,96231,Phone,2025-09-29,,NO,0,dataset_B,2026-05-15 16:41:45,859
B000260,Ashley,Torres,ashleytorres201@icloud.com,(777) 858-3392,1990-02-07,2003-04-19,Savings,Suspended,82973.12,48837.29,10666.94,451,201,Southwest,US,NV,23641,Online,2024-08-20,,NO,0,dataset_B,2026-05-15 16:41:45,860
B000261,Jessica,Wilson,jessicawilson32@gmail.com,(916) 349-3721,2000-02-12,2010-01-04,Checking,Suspended,54075.57,18074.69,3664.15,751,218,Midwest,US,OH,55735,Branch,,,NO,0,dataset_B,2026-05-15 16:41:45,861
B000262,Mark,Johnson,markjohnson564@outlook.com,(364) 701-8043,1968-12-10,2002-12-20,Money Market,Closed,13341.54,23498.01,457.84,,316,West,US,WY,43545,Agent,2025-05-29,,NO,0,dataset_B,2026-05-15 16:41:45,862
B000263,Patricia,Smith,patriciasmith215@hotmail.com,,1974-05-18,2012-04-26,Money Market,Inactive,578.9,22589.84,17338.16,330,57,Southwest,US,IA,26248,Mail,2025-05-23,,NO,0,dataset_B,2026-05-15 16:41:45,863
B000264,,Walker,emilywalker745@outlook.com,(219) 598-2631,1973-04-09,2001-05-16,Money Market,Closed,429.6,10317.07,7519.78,716,297,Southeast,US,ND,10470,Phone,2023-07-16,first_name,YES,1,dataset_B,2026-05-15 16:41:45,864
B000265,Christopher,Johnson,christopherjohnson670@icloud.com,(936) 991-4197,1964-07-28,2007-03-03,Savings,Inactive,96414.53,20397.27,19080.59,497,331,Midwest,US,KS,55854,Referral,2024-09-18,,NO,0,dataset_B,2026-05-15 16:41:45,865
B000266,Susan,Perez,susanperez765@yahoo.com,(362) 532-6232,1989-01-23,2024-05-15,CD,Active,59379.35,2336.14,645.62,,410,West,US,AL,87726,Mail,2025-06-03,,NO,0,dataset_B,2026-05-15 16:41:45,866
B000267,Lisa,Rodriguez,lisarodriguez183@icloud.com,(502) 876-6971,1966-03-30,2015-10-26,Money Market,Suspended,99161.25,11009.26,9386.38,492,303,Southeast,US,AK,50035,Social Media,2025-04-23,,NO,0,dataset_B,2026-05-15 16:41:45,867
B000268,Thomas,Lee,thomaslee786@gmail.com,(743) 784-8614,1953-07-01,2007-07-13,Savings,Inactive,8320.2,19452.73,15111.9,826,234,Northeast,US,FL,98030,Phone,2025-11-23,,NO,0,dataset_B,2026-05-15 16:41:45,868
B000269,Joseph,Smith,josephsmith704@hotmail.com,(785) 818-8850,2003-04-30,2014-09-23,Checking,Inactive,27716.71,45125.19,33761.24,661,74,West,US,SC,77122,Mail,2023-03-08,,NO,0,dataset_B,2026-05-15 16:41:45,869
B000270,Thomas,Thomas,thomasthomas993@icloud.com,(860) 204-8704,2002-12-09,2013-01-05,Money Market,Closed,46474.87,34833.83,1505.34,474,69,Midwest,US,ME,95746,Branch,2025-07-14,,NO,0,dataset_B,2026-05-15 16:41:45,870
B000271,Michael,Sanchez,michaelsanchez32@outlook.com,(537) 841-1887,2004-05-13,2019-02-04,Money Market,Suspended,24573.31,28986.95,19477.23,373,269,Southeast,US,MD,98760,Online,2024-03-07,,NO,0,dataset_B,2026-05-15 16:41:45,871
B000272,Michael,Robinson,michaelrobinson477@hotmail.com,(857) 841-1042,1997-12-17,2007-01-11,IRA,Closed,8938.9,46060.29,8709.56,648,283,Northeast,US,WA,34548,Branch,2023-11-10,,NO,0,dataset_B,2026-05-15 16:41:45,872
B000273,Christopher,Gonzalez,christophergonzalez163@hotmail.com,(661) 359-5300,1954-10-24,2005-09-27,CD,Active,23408.23,34717.79,,665,176,Northeast,US,GA,14816,Online,2025-08-21,,NO,0,dataset_B,2026-05-15 16:41:45,873
B000274,Anthony,Martin,anthonymartin272@outlook.com,(764) 777-5084,2003-07-26,2006-08-13,Checking,Suspended,56141.88,39966.03,16195.08,472,464,Southeast,US,TN,92879,Online,2024-08-29,,NO,0,dataset_B,2026-05-15 16:41:45,874
B000275,Daniel,Thomas,danielthomas688@gmail.com,(252) 329-7682,,2021-09-11,Money Market,Inactive,93649.4,18548.92,7603.99,363,421,Northeast,US,ND,33323,Agent,2024-05-15,,NO,0,dataset_B,2026-05-15 16:41:45,875
B000276,Barbara,Ramirez,barbararamirez912@icloud.com,(545) 892-1382,1991-01-30,2020-09-25,Checking,Closed,1245.89,47347.3,2642.78,513,313,Southwest,US,RI,72340,Branch,2025-02-22,,NO,0,dataset_B,2026-05-15 16:41:45,876
B000277,Emily,Gonzalez,emilygonzalez703@yahoo.com,(958) 810-3581,1983-11-27,2005-01-16,Savings,Active,75368.37,40894.88,37608.74,356,64,West,US,IA,95507,Mail,2024-07-26,,NO,0,dataset_B,2026-05-15 16:41:45,877
B000278,Patricia,Lee,patricialee293@icloud.com,(760) 348-2018,1963-07-10,2023-05-04,Checking,Active,55745.81,24549.78,23961.57,598,360,West,US,PA,52473,Branch,2024-08-07,,NO,0,dataset_B,2026-05-15 16:41:45,878
B000279,Andrew,Clark,andrewclark839@gmail.com,(463) 550-3898,1969-07-07,2011-03-29,IRA,Closed,,44305.83,30973.09,625,234,Northeast,US,NV,21326,Branch,2025-11-18,balance_amount,YES,1,dataset_B,2026-05-15 16:41:45,879
B000280,Barbara,Wright,barbarawright314@yahoo.com,(610) 903-2166,1983-11-19,2001-03-15,CD,Active,39588.0,3064.84,101.98,707,5,Northeast,US,VT,94051,Mail,2025-08-24,,NO,0,dataset_B,2026-05-15 16:41:45,880
B000281,Robert,Martinez,robertmartinez478@icloud.com,(336) 770-6914,1983-06-22,2003-09-25,Checking,Pending,52131.52,44878.35,24968.83,320,1,Northeast,US,NM,10153,Agent,2025-03-30,,NO,0,dataset_B,2026-05-15 16:41:45,881
B000282,Michael,White,michaelwhite175@gmail.com,(259) 491-4704,1999-02-28,2019-09-11,Savings,Closed,47693.61,32443.21,10625.9,335,292,Northeast,US,UT,71470,Online,2025-10-13,,NO,0,dataset_B,2026-05-15 16:41:45,882
B000283,Mary,Lopez,marylopez13@outlook.com,,1965-11-06,2021-10-02,IRA,Suspended,4330.56,17400.78,12055.59,641,444,Midwest,US,RI,69153,Agent,2023-09-12,,NO,0,dataset_B,2026-05-15 16:41:45,883
B000284,Michelle,Taylor,michelletaylor686@yahoo.com,(651) 498-1644,1982-11-14,2008-06-01,IRA,Inactive,5143.71,4169.03,3319.47,758,58,Southwest,US,WY,10628,Social Media,2024-04-12,,NO,0,dataset_B,2026-05-15 16:41:45,884
B000285,Ashley,Martin,ashleymartin614@gmail.com,(481) 479-1571,1968-12-20,2007-01-09,Money Market,Suspended,79893.82,26048.25,14715.63,747,132,Southeast,US,MA,29052,Mail,2023-08-12,,NO,0,dataset_B,2026-05-15 16:41:45,885
B000286,Jennifer,Brown,jenniferbrown933@icloud.com,(634) 723-6267,1964-11-20,2018-06-26,Savings,Active,36880.45,34649.08,24061.94,,452,Southwest,US,KY,30298,Referral,2025-11-10,,NO,0,dataset_B,2026-05-15 16:41:45,886
B000287,James,Perez,jamesperez872@outlook.com,(695) 761-2670,1962-08-23,2012-08-23,Money Market,Pending,29298.92,41311.72,,553,490,West,US,KY,99416,Mail,2024-01-05,,NO,0,dataset_B,2026-05-15 16:41:45,887
B000288,Jennifer,Robinson,jenniferrobinson188@hotmail.com,(385) 633-8307,1988-05-21,2023-04-04,IRA,Pending,33262.88,2370.96,783.94,825,231,Northeast,US,KS,46390,Online,2023-06-10,,NO,0,dataset_B,2026-05-15 16:41:45,888
B000289,Jessica,Clark,jessicaclark912@gmail.com,(265) 915-4420,1972-10-05,2004-12-21,IRA,Closed,68971.21,48128.05,11666.29,657,471,Midwest,US,NE,82664,Social Media,2023-09-28,,NO,0,dataset_B,2026-05-15 16:41:45,889
B000290,Patricia,Robinson,patriciarobinson29@hotmail.com,(587) 235-3151,1990-04-30,2010-10-28,CD,Inactive,33196.43,12616.16,9026.53,369,325,Midwest,US,MD,69843,Social Media,2025-05-06,,NO,0,dataset_B,2026-05-15 16:41:45,890
B000291,Michael,Rodriguez,michaelrodriguez641@gmail.com,(699) 752-1778,1987-05-04,2013-05-27,IRA,Closed,20575.55,34926.43,12351.36,603,,West,US,ID,54379,Branch,2023-12-17,,NO,0,dataset_B,2026-05-15 16:41:45,891
B000292,Paul,Harris,paulharris444@icloud.com,(931) 820-9617,1965-03-10,2007-05-01,Money Market,Suspended,3671.11,46266.3,2056.82,525,85,West,US,OK,70328,Online,2023-12-10,,NO,0,dataset_B,2026-05-15 16:41:45,892
B000293,Mary,Wilson,marywilson889@hotmail.com,(966) 692-9931,1988-08-05,2015-02-27,IRA,Suspended,94436.84,26147.71,18888.46,817,247,Southeast,US,LA,67361,Online,2023-01-15,,NO,0,dataset_B,2026-05-15 16:41:45,893
B000294,Paul,Anderson,paulanderson844@yahoo.com,(851) 921-7033,1980-10-09,2005-10-15,Checking,Active,26228.96,31664.77,16805.78,781,482,Southwest,US,IA,93365,Agent,2023-12-15,,NO,0,dataset_B,2026-05-15 16:41:45,894
B000295,Mark,Johnson,markjohnson320@yahoo.com,(497) 620-9539,1970-01-01,2020-07-20,Checking,Active,78760.26,2087.94,1122.14,668,215,Midwest,US,MT,94531,Mail,2025-11-03,,NO,0,dataset_B,2026-05-15 16:41:45,895
B000296,James,Martin,jamesmartin988@outlook.com,(433) 412-4070,2005-12-12,2007-04-25,Money Market,Closed,51247.38,46371.61,,465,314,Midwest,US,PA,87702,Agent,2023-11-23,,NO,0,dataset_B,2026-05-15 16:41:45,896
B000297,Dorothy,Clark,,(789) 723-1474,1971-08-26,2022-05-17,CD,Inactive,59261.3,10316.45,4377.25,628,280,Northeast,US,AZ,80888,,2025-01-19,email,YES,1,dataset_B,2026-05-15 16:41:45,897
B000298,Karen,Gonzalez,karengonzalez334@hotmail.com,(671) 272-6222,1982-10-27,2016-05-07,IRA,Closed,45567.61,6465.02,3674.37,679,13,Midwest,US,TN,41456,Agent,2023-02-10,,NO,0,dataset_B,2026-05-15 16:41:45,898
B000299,Jennifer,Lewis,jenniferlewis118@outlook.com,(429) 839-6652,1978-01-28,2016-06-17,Checking,Suspended,51151.58,43766.59,28239.86,376,160,Northeast,US,SC,92464,Agent,2024-05-09,,NO,0,dataset_B,2026-05-15 16:41:45,899
B000300,Charles,Lee,charleslee153@gmail.com,(983) 837-5293,1952-04-22,2024-07-13,Checking,Inactive,80285.02,2018.01,1731.94,393,377,Midwest,US,AL,32658,Phone,2025-06-12,,NO,0,dataset_B,2026-05-15 16:41:45,900
B000301,Mary,Torres,marytorres257@gmail.com,(875) 368-6793,1978-09-06,2001-03-16,CD,Pending,17190.76,35827.47,28679.07,457,,West,US,CO,24922,Branch,2024-04-22,,NO,0,dataset_B,2026-05-15 16:41:45,901
B000302,Betty,Walker,bettywalker71@yahoo.com,(637) 759-7815,1994-04-13,2005-10-05,Savings,Active,21041.08,38356.86,33863.4,814,114,Midwest,US,PA,50018,,2025-12-12,,NO,0,dataset_B,2026-05-15 16:41:45,902
B000303,Paul,King,paulking729@gmail.com,(786) 310-1591,1956-04-16,2014-05-25,Savings,Active,57628.77,33871.35,25754.94,708,153,Northeast,US,NM,21151,Online,2024-03-21,,NO,0,dataset_B,2026-05-15 16:41:45,903
B000304,Andrew,Garcia,andrewgarcia634@gmail.com,(230) 314-4918,1964-04-03,2011-03-03,Money Market,Pending,88729.58,,3038.41,786,176,Southwest,US,NJ,55449,Social Media,2025-03-01,,NO,0,dataset_B,2026-05-15 16:41:45,904
B000305,Ashley,Martinez,ashleymartinez232@gmail.com,(878) 709-9254,1958-04-30,2002-06-17,CD,Active,82463.71,37795.13,21669.12,510,204,Northeast,US,AL,55268,Phone,2025-04-04,,NO,0,dataset_B,2026-05-15 16:41:45,905
B000306,Margaret,Sanchez,margaretsanchez703@icloud.com,(260) 229-9079,1978-07-22,2001-08-03,Checking,Closed,24179.22,35785.67,7082.01,605,15,Southwest,US,MI,80060,Social Media,2024-07-08,,NO,0,dataset_B,2026-05-15 16:41:45,906
B000307,Kimberly,Scott,,(704) 390-3328,1979-02-28,2006-05-05,Money Market,Closed,87464.79,8554.98,963.03,417,488,Northeast,US,IN,50739,Phone,2024-04-26,email,YES,1,dataset_B,2026-05-15 16:41:45,907
B000308,Emily,Wilson,emilywilson561@hotmail.com,(744) 217-1533,1971-02-13,2016-01-05,CD,Closed,19142.93,43901.72,41431.38,702,392,Northeast,US,MT,39882,Online,2024-12-07,,NO,0,dataset_B,2026-05-15 16:41:45,908
B000309,,Sanchez,donaldsanchez39@gmail.com,(459) 281-7059,1998-10-23,2009-10-08,Checking,Active,25644.88,25669.28,2617.69,331,449,Northeast,US,ND,89635,Branch,2023-02-15,first_name,YES,1,dataset_B,2026-05-15 16:41:45,909
B000310,Karen,Harris,karenharris995@outlook.com,(971) 461-4792,1958-11-01,2008-11-24,Money Market,Closed,90931.57,8772.5,4970.52,,3,Northeast,US,RI,64219,Agent,2023-08-11,,NO,0,dataset_B,2026-05-15 16:41:45,910
B000311,Joseph,King,josephking386@icloud.com,(984) 655-4402,1997-08-01,2002-06-25,CD,Active,46893.45,13352.78,3453.53,387,470,Northeast,US,OH,24876,Online,2024-06-15,,NO,0,dataset_B,2026-05-15 16:41:45,911
B000312,Kimberly,Taylor,,(376) 698-6418,2001-09-17,2005-07-26,IRA,Closed,18476.35,37275.26,14432.9,600,43,Southwest,US,VT,56363,Social Media,2025-08-30,email,YES,1,dataset_B,2026-05-15 16:41:45,912
B000313,James,Smith,jamessmith115@hotmail.com,(863) 657-4353,1991-10-05,2012-06-10,IRA,Inactive,96667.78,37124.3,30297.69,533,216,West,US,RI,73755,Agent,2023-04-05,,NO,0,dataset_B,2026-05-15 16:41:45,913
B000314,James,Robinson,jamesrobinson570@gmail.com,,2000-10-20,2004-12-01,Money Market,Inactive,12107.72,35605.14,30186.32,620,396,West,US,IL,93873,Branch,2025-12-31,,NO,0,dataset_B,2026-05-15 16:41:45,914
B000315,Margaret,Young,margaretyoung588@icloud.com,(480) 852-8476,1992-05-18,2015-04-29,Checking,Pending,12031.78,10405.93,9987.46,834,142,Northeast,US,NY,85609,Online,2025-05-03,,NO,0,dataset_B,2026-05-15 16:41:45,915
B000316,Margaret,Taylor,margarettaylor261@hotmail.com,(261) 976-8495,1977-03-22,2013-07-18,IRA,Pending,71112.68,4086.29,3963.98,808,342,Midwest,US,OK,98433,Social Media,,,NO,0,dataset_B,2026-05-15 16:41:45,916
B000317,Emily,Scott,emilyscott909@gmail.com,(968) 865-1504,1964-08-30,2002-09-16,CD,Suspended,63068.56,17031.85,7330.13,508,110,Midwest,US,NJ,18280,Mail,2025-12-20,,NO,0,dataset_B,2026-05-15 16:41:45,917
B000318,James,Smith,jamessmith194@hotmail.com,(451) 699-9522,1997-06-05,2018-09-13,CD,Pending,467.44,,21599.05,827,258,Southeast,US,UT,67041,Mail,2025-06-20,,NO,0,dataset_B,2026-05-15 16:41:45,918
B000319,Susan,Flores,susanflores420@outlook.com,(604) 524-8235,1992-03-31,2012-05-21,IRA,Inactive,5456.15,23738.6,13910.33,,99,Southeast,US,WI,29551,Online,2024-03-01,,NO,0,dataset_B,2026-05-15 16:41:45,919
B000320,Joseph,Brown,josephbrown222@yahoo.com,(580) 653-4648,2004-11-20,2020-12-09,Checking,Suspended,84438.25,19447.0,10014.05,452,204,Midwest,US,DE,26402,Referral,2024-02-14,,NO,0,dataset_B,2026-05-15 16:41:45,920
B000321,Andrew,Nguyen,andrewnguyen26@gmail.com,(985) 617-4422,1994-11-03,2011-07-26,Money Market,Suspended,71872.25,17908.05,9305.66,524,90,West,US,IN,23370,Online,2024-04-14,,NO,0,dataset_B,2026-05-15 16:41:45,921
B000322,Patricia,Smith,patriciasmith557@icloud.com,(656) 211-5376,1970-12-04,2024-08-02,Money Market,Closed,30875.5,32749.0,2701.45,798,320,Midwest,US,NJ,38720,Mail,2025-08-12,,NO,0,dataset_B,2026-05-15 16:41:45,922
B000323,,Davis,bettydavis489@hotmail.com,(565) 514-5955,1962-12-05,2024-03-12,Savings,Suspended,56922.37,19282.12,13753.71,761,496,West,US,NV,78471,Phone,2024-02-23,first_name,YES,1,dataset_B,2026-05-15 16:41:45,923
B000324,William,King,williamking570@yahoo.com,(679) 893-9484,1968-12-13,2001-01-09,IRA,Pending,63383.75,28608.31,19287.51,671,348,Northeast,US,FL,53466,Online,2025-08-06,,NO,0,dataset_B,2026-05-15 16:41:45,924
B000325,Margaret,Williams,margaretwilliams413@hotmail.com,(781) 790-9714,1962-08-10,,Money Market,Inactive,21926.98,14883.22,5672.5,633,388,Southwest,US,ME,36987,Phone,2025-04-29,account_open_date,YES,1,dataset_B,2026-05-15 16:41:45,925
B000326,Thomas,Flores,thomasflores345@icloud.com,(624) 570-8134,1983-01-06,2002-11-08,Checking,Active,28547.55,10053.13,157.84,778,194,Southeast,US,UT,31986,Referral,2025-08-02,,NO,0,dataset_B,2026-05-15 16:41:45,926
B000327,Susan,Hernandez,susanhernandez970@yahoo.com,,2002-01-21,2000-06-19,CD,Suspended,28150.64,25249.61,18881.4,457,155,Southwest,US,WY,83088,Phone,2024-09-02,,NO,0,dataset_B,2026-05-15 16:41:45,927
B000328,Daniel,Flores,danielflores372@outlook.com,(223) 813-4241,1987-03-21,2016-05-28,Checking,Active,8682.25,49585.98,40393.22,728,294,Midwest,US,NY,37971,Agent,2024-04-23,,NO,0,dataset_B,2026-05-15 16:41:45,928
B000329,Emily,Brown,emilybrown763@outlook.com,(289) 766-4135,1977-06-03,2004-01-23,IRA,Pending,12642.18,47169.24,11580.6,344,206,West,US,IN,75976,Online,2024-10-24,,NO,0,dataset_B,2026-05-15 16:41:45,929
B000330,John,Allen,johnallen882@icloud.com,(855) 369-5345,1976-10-01,2023-09-14,Savings,Active,64314.9,41434.91,,816,2,Northeast,US,IN,53269,Social Media,2024-08-18,,NO,0,dataset_B,2026-05-15 16:41:45,930
B000331,Lisa,Nguyen,lisanguyen822@gmail.com,(796) 325-2342,1966-09-17,2015-03-01,Savings,Pending,20799.72,20118.06,6297.15,718,364,Northeast,US,SD,83797,,2023-09-09,,NO,0,dataset_B,2026-05-15 16:41:45,931
B000332,Joseph,Wilson,,(727) 521-6171,1952-04-29,2021-08-13,Checking,Active,12667.73,27190.4,1864.72,662,48,Northeast,US,MS,83260,Online,2023-05-07,email,YES,1,dataset_B,2026-05-15 16:41:45,932
B000333,Andrew,Nguyen,andrewnguyen119@yahoo.com,(323) 789-2554,2003-03-19,2018-06-21,IRA,Suspended,91291.4,31273.62,15106.01,618,75,Southeast,US,VA,31356,Social Media,2025-01-18,,NO,0,dataset_B,2026-05-15 16:41:45,933
B000334,Michael,Hill,michaelhill433@gmail.com,(486) 790-6783,1962-02-03,2011-11-23,Savings,Suspended,14946.67,29549.58,27449.08,834,197,Southwest,US,KY,80897,Online,2023-08-06,,NO,0,dataset_B,2026-05-15 16:41:45,934
B000335,Susan,Clark,susanclark808@yahoo.com,(579) 275-8034,1958-05-16,2024-12-11,Checking,Pending,71941.89,32483.33,23708.44,535,314,Southeast,US,IL,17770,Branch,2025-06-11,,NO,0,dataset_B,2026-05-15 16:41:45,935
B000336,William,Brown,williambrown440@yahoo.com,(873) 904-9272,1959-06-18,2017-10-05,CD,Pending,21726.75,39535.64,1219.34,366,25,Southwest,US,AL,78008,Online,2024-07-15,,NO,0,dataset_B,2026-05-15 16:41:45,936
B000337,Emily,Smith,emilysmith260@outlook.com,(908) 825-9184,1973-01-10,2024-10-01,IRA,Closed,74588.7,40363.65,14224.03,311,415,Midwest,US,NC,14552,Mail,2025-07-24,,NO,0,dataset_B,2026-05-15 16:41:45,937
B000338,Sandra,Hill,sandrahill571@yahoo.com,(698) 464-3320,1974-08-07,2000-09-20,CD,Suspended,68267.83,31883.91,27036.66,846,207,West,US,CO,88717,Social Media,2023-04-02,,NO,0,dataset_B,2026-05-15 16:41:45,938
B000339,Charles,Young,charlesyoung143@icloud.com,(731) 527-1234,1984-10-03,2020-03-01,CD,Suspended,98031.21,20042.71,,615,65,Southwest,US,OK,87921,Agent,2025-04-25,,NO,0,dataset_B,2026-05-15 16:41:45,939
B000340,Linda,Sanchez,,(572) 709-3164,1963-03-27,2008-01-16,Money Market,Suspended,15318.83,,18540.07,616,449,Southeast,US,CT,57443,,2023-01-17,email,YES,1,dataset_B,2026-05-15 16:41:45,940
B000341,Joseph,Perez,,(838) 435-5721,1971-09-24,2005-07-17,Savings,Pending,18435.99,5951.35,4428.82,583,328,Midwest,US,AK,80549,Social Media,2024-03-31,email,YES,1,dataset_B,2026-05-15 16:41:45,941
B000342,Richard,Robinson,richardrobinson897@hotmail.com,(298) 317-7997,1963-03-19,2022-01-27,IRA,Active,58969.96,27199.58,26114.7,692,159,Southwest,US,MN,70707,Phone,2025-06-10,,NO,0,dataset_B,2026-05-15 16:41:45,942
B000343,Betty,Allen,bettyallen485@hotmail.com,(985) 919-5923,1997-11-01,2022-02-27,Money Market,Closed,97226.58,38815.09,12495.73,369,496,West,US,WI,34453,,2024-05-26,,NO,0,dataset_B,2026-05-15 16:41:45,943
B000344,Joseph,Scott,josephscott754@icloud.com,(684) 645-7220,1953-12-21,2024-06-28,IRA,Suspended,18262.13,48109.17,2675.62,512,431,Southwest,US,OK,57173,Phone,2025-01-30,,NO,0,dataset_B,2026-05-15 16:41:45,944
B000345,William,Miller,williammiller673@gmail.com,(469) 425-1062,1960-12-04,2003-08-30,Money Market,Inactive,47816.85,14776.71,5643.98,772,476,Northeast,US,RI,90259,Social Media,2023-08-09,,NO,0,dataset_B,2026-05-15 16:41:45,945
B000346,Joseph,Anderson,josephanderson839@yahoo.com,(830) 678-1466,1954-06-02,2013-07-27,IRA,Pending,88659.98,39274.55,21315.78,723,375,West,US,CO,72411,Phone,2023-09-25,,NO,0,dataset_B,2026-05-15 16:41:45,946
B000347,Donna,Martinez,donnamartinez512@icloud.com,(495) 797-1737,1968-11-24,2007-07-05,IRA,Closed,25140.26,22817.23,,511,159,West,US,IN,61949,Phone,2025-07-30,,NO,0,dataset_B,2026-05-15 16:41:45,947
B000348,Dorothy,Taylor,dorothytaylor7@hotmail.com,(611) 212-1061,1990-04-23,2006-03-31,IRA,Inactive,1308.88,20134.47,15854.76,430,424,West,US,NE,80409,Branch,2024-06-19,,NO,0,dataset_B,2026-05-15 16:41:45,948
B000349,Thomas,Wilson,thomaswilson614@yahoo.com,(641) 783-3721,1953-04-17,2017-10-23,IRA,Closed,19354.92,554.67,112.26,570,174,Midwest,US,PA,83717,Online,2025-02-12,,NO,0,dataset_B,2026-05-15 16:41:45,949
B000350,Sandra,Thompson,sandrathompson101@yahoo.com,(770) 898-2447,1951-09-14,2010-11-02,IRA,Active,96670.59,9065.78,3064.69,670,419,Midwest,US,OR,43817,Branch,2024-05-20,,NO,0,dataset_B,2026-05-15 16:41:45,950
B000351,Richard,Miller,richardmiller214@hotmail.com,(672) 637-9514,1993-10-16,2016-09-03,Savings,Closed,18938.84,34467.37,20529.29,525,,West,US,MD,33482,Mail,2023-09-24,,NO,0,dataset_B,2026-05-15 16:41:45,951
B000352,Joshua,Smith,joshuasmith696@hotmail.com,(429) 824-2741,1997-02-28,2008-03-24,Money Market,Suspended,84877.25,5749.07,1503.66,313,442,Southwest,US,CT,60393,Social Media,2024-05-27,,NO,0,dataset_B,2026-05-15 16:41:45,952
B000353,Mary,Martin,marymartin860@icloud.com,(227) 590-8441,2001-05-05,2010-05-15,Checking,Pending,56854.02,4478.12,3586.81,769,156,Southeast,US,AR,57688,Phone,2025-06-17,,NO,0,dataset_B,2026-05-15 16:41:45,953
B000354,Betty,Flores,bettyflores481@gmail.com,(400) 360-9010,1960-08-20,2013-10-29,CD,Suspended,66289.59,37646.07,27487.56,304,300,Midwest,US,NE,76635,Phone,,,NO,0,dataset_B,2026-05-15 16:41:45,954
B000355,Nancy,Hill,nancyhill486@yahoo.com,(805) 500-4482,1967-06-15,2022-04-04,Savings,Inactive,94147.28,25047.72,16477.72,659,413,Midwest,US,WV,53880,Phone,2025-04-03,,NO,0,dataset_B,2026-05-15 16:41:45,955
B000356,Donna,Taylor,donnataylor996@hotmail.com,(653) 458-6238,,2010-10-29,IRA,Active,74330.45,17443.52,14508.64,707,116,Midwest,US,MI,13537,Branch,2024-12-16,,NO,0,dataset_B,2026-05-15 16:41:45,956
B000357,John,Walker,johnwalker538@gmail.com,(794) 393-4056,1960-11-04,2017-01-13,IRA,Active,37147.05,26604.79,20773.1,769,495,Midwest,US,CO,56104,Online,2025-03-02,,NO,0,dataset_B,2026-05-15 16:41:45,957
B000358,Thomas,Johnson,thomasjohnson322@gmail.com,(745) 662-8075,1976-02-21,2019-02-26,CD,Suspended,4111.9,36904.73,31397.24,797,401,Southwest,US,KY,24609,Referral,2023-04-20,,NO,0,dataset_B,2026-05-15 16:41:45,958
B000359,Andrew,Jackson,,(312) 898-6372,1976-10-29,2020-12-09,CD,Inactive,4863.92,4439.4,,569,455,Midwest,US,LA,72004,Phone,2024-11-30,email,YES,1,dataset_B,2026-05-15 16:41:45,959
B000360,Daniel,Lopez,daniellopez420@gmail.com,,1998-09-08,2007-05-03,CD,Active,18165.81,23367.11,2976.41,559,330,Midwest,US,UT,23428,Agent,2024-02-29,,NO,0,dataset_B,2026-05-15 16:41:45,960
B000361,Steven,Lewis,stevenlewis10@outlook.com,(245) 843-7626,1982-08-07,2019-03-03,Checking,Suspended,91624.97,25251.21,17189.27,843,262,Northeast,US,IA,43332,Phone,2024-12-20,,NO,0,dataset_B,2026-05-15 16:41:45,961
B000362,Nancy,Jackson,nancyjackson707@gmail.com,(829) 210-4098,1990-10-07,2022-09-13,CD,Closed,86731.66,43882.05,18782.51,633,257,Midwest,US,LA,15458,Phone,2024-08-10,,NO,0,dataset_B,2026-05-15 16:41:45,962
B000363,Mary,Gonzalez,marygonzalez191@gmail.com,(358) 633-1886,1982-06-11,2001-09-10,IRA,Pending,45847.35,44373.24,946.52,469,183,Southwest,US,MN,44699,Online,2023-02-03,,NO,0,dataset_B,2026-05-15 16:41:45,963
B000364,Donna,Davis,donnadavis823@outlook.com,(367) 226-2924,2004-08-29,2014-08-22,Savings,Inactive,27155.44,39742.51,,829,465,West,US,DE,14264,Phone,2023-04-25,,NO,0,dataset_B,2026-05-15 16:41:45,964
B000365,Charles,Lewis,charleslewis223@icloud.com,(738) 966-3463,1979-07-25,2010-08-14,Money Market,Active,35571.02,37824.36,32512.42,827,223,Southeast,US,PA,56535,Social Media,2025-10-30,,NO,0,dataset_B,2026-05-15 16:41:45,965
B000366,Betty,White,bettywhite663@hotmail.com,(546) 805-1672,1996-01-19,2014-09-23,IRA,Suspended,68398.89,38700.26,13103.3,601,144,Northeast,US,VA,52642,,2023-06-10,,NO,0,dataset_B,2026-05-15 16:41:45,966
B000367,Anthony,Jackson,anthonyjackson43@yahoo.com,(554) 560-4446,1979-04-11,2002-12-10,Savings,Inactive,91703.73,1338.11,401.47,762,478,Midwest,US,OR,33582,Referral,2023-08-29,,NO,0,dataset_B,2026-05-15 16:41:45,967
B000368,Mark,Martinez,markmartinez872@outlook.com,(217) 705-2017,1979-10-09,2012-09-30,IRA,Suspended,73534.41,40611.7,29225.31,746,101,Midwest,US,NE,96375,Social Media,2023-12-11,,NO,0,dataset_B,2026-05-15 16:41:45,968
B000369,Joseph,Perez,josephperez924@gmail.com,(221) 584-5933,1963-11-23,2021-08-26,Checking,Closed,92977.99,38826.16,26923.25,405,475,Northeast,US,AR,54431,Referral,2024-11-19,,NO,0,dataset_B,2026-05-15 16:41:45,969
B000370,Charles,Thompson,charlesthompson365@icloud.com,(325) 634-4517,1993-05-23,2018-07-08,IRA,Pending,96324.31,,4068.37,352,40,Midwest,US,MI,99193,Mail,2023-11-21,,NO,0,dataset_B,2026-05-15 16:41:45,970
B000371,Donna,Robinson,donnarobinson598@yahoo.com,,1996-10-06,2001-02-04,Money Market,Pending,21918.29,27799.4,3003.08,,145,West,US,VA,34885,Agent,2024-01-05,,NO,0,dataset_B,2026-05-15 16:41:45,971
B000372,,Ramirez,andrewramirez249@hotmail.com,(731) 373-2028,2005-03-03,2012-09-16,CD,Suspended,58537.27,9247.05,8155.62,438,278,West,US,VT,22151,Branch,2025-08-04,first_name,YES,1,dataset_B,2026-05-15 16:41:45,972
B000373,Karen,Martinez,karenmartinez746@hotmail.com,(900) 983-3727,2003-06-10,2019-04-11,Money Market,Pending,30348.89,42411.38,20118.75,609,290,Southwest,US,ND,68440,Agent,2024-10-06,,NO,0,dataset_B,2026-05-15 16:41:45,973
B000374,Jessica,Torres,jessicatorres632@outlook.com,,1983-12-28,2024-01-12,Money Market,Pending,24556.8,40518.68,40356.59,424,275,Southeast,US,OR,29122,Branch,2023-07-10,,NO,0,dataset_B,2026-05-15 16:41:45,974
B000375,Dorothy,Rodriguez,dorothyrodriguez191@gmail.com,(596) 891-2053,1987-11-02,2023-05-13,Savings,Active,22268.92,10389.44,3406.26,633,230,Midwest,US,NJ,75852,Mail,2023-01-05,,NO,0,dataset_B,2026-05-15 16:41:45,975
B000376,Nancy,Jones,nancyjones871@yahoo.com,(816) 470-4519,1970-02-11,2016-06-28,CD,Closed,91614.68,31860.07,8066.8,598,350,Southwest,US,KY,69757,Agent,2025-01-25,,NO,0,dataset_B,2026-05-15 16:41:45,976
B000377,Christopher,Garcia,,(618) 583-2659,1978-05-28,2024-05-17,Savings,Inactive,8815.17,48550.57,24309.48,733,104,Southwest,US,TX,87469,Agent,2024-07-25,email,YES,1,dataset_B,2026-05-15 16:41:45,977
B000378,Emily,Miller,emilymiller2@hotmail.com,(702) 244-1625,1961-05-21,2011-12-27,Money Market,Pending,3576.01,49085.18,,,179,Southwest,US,CT,24819,Social Media,2024-10-10,,NO,0,dataset_B,2026-05-15 16:41:45,978
B000379,John,Martin,johnmartin965@gmail.com,,1962-07-22,2020-11-06,Savings,Suspended,62564.87,23956.74,5730.61,344,42,Southwest,US,ME,42625,Social Media,2025-04-27,,NO,0,dataset_B,2026-05-15 16:41:45,979
B000380,Margaret,Williams,margaretwilliams180@yahoo.com,(628) 981-3384,1979-03-27,2018-11-19,Checking,Inactive,19725.25,4322.4,3230.52,621,3,Midwest,US,WV,99808,Mail,2023-03-27,,NO,0,dataset_B,2026-05-15 16:41:45,980
B000381,Christopher,Robinson,christopherrobinson980@gmail.com,(664) 904-4319,1971-08-13,2008-01-06,Savings,Active,77146.44,48573.56,25730.64,627,445,Midwest,US,NM,17348,Mail,2024-01-21,,NO,0,dataset_B,2026-05-15 16:41:45,981
B000382,Kimberly,Anderson,kimberlyanderson33@yahoo.com,(843) 900-6421,2001-06-15,2001-07-19,Checking,Closed,26776.67,19797.24,648.9,351,97,Midwest,US,WA,42481,Branch,,,NO,0,dataset_B,2026-05-15 16:41:45,982
B000383,Betty,Martin,bettymartin199@hotmail.com,(615) 989-5317,1990-04-12,2006-07-31,Checking,Closed,69906.0,2646.76,486.83,473,348,Southeast,US,IN,92258,Social Media,2025-08-21,,NO,0,dataset_B,2026-05-15 16:41:45,983
B000384,Paul,White,paulwhite390@icloud.com,(705) 957-4878,2000-06-28,2003-02-07,Money Market,Pending,10398.29,18929.56,14558.31,375,108,Southwest,US,ME,94355,,2024-11-06,,NO,0,dataset_B,2026-05-15 16:41:45,984
B000385,Matthew,Thompson,matthewthompson722@outlook.com,,,2017-07-31,CD,Pending,92771.68,43505.67,6404.25,486,297,Southeast,US,NE,13416,Social Media,2025-02-23,,NO,0,dataset_B,2026-05-15 16:41:45,985
B000386,Robert,Davis,robertdavis575@hotmail.com,(425) 646-1052,1956-07-02,2000-02-27,CD,Active,51009.54,43255.63,5879.91,472,176,West,US,NJ,70940,Social Media,2025-10-12,,NO,0,dataset_B,2026-05-15 16:41:45,986
B000387,Donna,Robinson,donnarobinson138@hotmail.com,(871) 991-7573,1952-12-07,2014-06-04,IRA,Active,50405.31,44047.06,6576.07,423,188,West,US,WV,96887,Mail,2025-12-22,,NO,0,dataset_B,2026-05-15 16:41:45,987
B000388,Daniel,Williams,danielwilliams50@hotmail.com,(626) 854-8747,1998-07-26,2005-01-25,Money Market,Pending,35370.91,21220.79,10591.85,682,314,Midwest,US,TN,82098,Referral,2024-04-26,,NO,0,dataset_B,2026-05-15 16:41:45,988
B000389,Donna,Nguyen,donnanguyen481@gmail.com,(913) 589-5164,2001-11-06,2022-01-07,IRA,Suspended,17333.1,7229.77,1524.17,338,39,West,US,NM,82982,,2025-12-22,,NO,0,dataset_B,2026-05-15 16:41:45,989
B000390,Donald,White,donaldwhite238@yahoo.com,(891) 483-9992,1972-01-10,2005-02-06,CD,Pending,32607.12,16574.14,4812.85,762,498,Southeast,US,FL,85891,Branch,2025-07-31,,NO,0,dataset_B,2026-05-15 16:41:45,990
B000391,James,Thomas,jamesthomas582@outlook.com,(256) 523-6335,1994-05-28,2003-07-16,Checking,Inactive,68408.84,40555.81,25985.69,553,356,Midwest,US,NY,56100,Online,2023-10-16,,NO,0,dataset_B,2026-05-15 16:41:45,991
B000392,Michelle,Moore,michellemoore528@gmail.com,(560) 627-4054,1973-01-07,2004-03-07,CD,Active,73173.82,9404.76,3051.97,578,472,Midwest,US,LA,23913,Online,2023-05-19,,NO,0,dataset_B,2026-05-15 16:41:45,992
B000393,Dorothy,Nguyen,dorothynguyen486@outlook.com,(201) 309-9594,1995-04-20,2018-08-24,IRA,Active,62034.5,17440.39,14781.13,551,497,Southeast,US,ND,50197,Social Media,2023-06-08,,NO,0,dataset_B,2026-05-15 16:41:45,993
B000394,Dorothy,Williams,dorothywilliams876@yahoo.com,(621) 493-3643,1977-01-31,2012-09-24,Checking,Inactive,29606.6,18471.56,6311.41,698,356,Southeast,US,OR,47288,Online,2023-06-20,,NO,0,dataset_B,2026-05-15 16:41:45,994
B000395,Charles,Anderson,charlesanderson283@hotmail.com,(465) 683-1812,1954-07-18,2011-03-17,Checking,Active,37994.0,3102.95,1109.21,645,132,Northeast,US,WV,33241,Online,2023-05-12,,NO,0,dataset_B,2026-05-15 16:41:45,995
B000396,Dorothy,Perez,dorothyperez409@gmail.com,(287) 741-6501,1967-03-16,2019-02-07,Checking,Inactive,37988.46,2080.26,1242.5,636,356,Midwest,US,OK,25279,Mail,2023-07-22,,NO,0,dataset_B,2026-05-15 16:41:45,996
B000397,Donald,Scott,donaldscott175@icloud.com,(287) 798-2902,1959-03-18,2012-02-16,Checking,Closed,,16459.67,8447.59,706,297,Northeast,US,ME,32073,Mail,2023-01-12,balance_amount,YES,1,dataset_B,2026-05-15 16:41:45,997
B000398,Mary,Miller,marymiller462@outlook.com,(514) 646-9244,1996-09-14,2013-02-05,IRA,Inactive,88947.97,7607.34,4563.32,694,342,West,US,CT,64570,Referral,2023-11-09,,NO,0,dataset_B,2026-05-15 16:41:45,998
B000399,Barbara,Davis,barbaradavis574@gmail.com,(304) 567-7596,1997-11-15,2010-07-30,Money Market,Active,89189.25,4918.7,3573.57,557,482,Northeast,US,SD,41810,Social Media,2023-10-13,,NO,0,dataset_B,2026-05-15 16:41:45,999
B000400,Thomas,Hernandez,,(833) 949-4242,2002-08-12,2019-02-19,CD,Closed,42103.14,39992.08,35053.57,798,38,Midwest,US,ID,48287,Social Media,2023-02-11,email,YES,1,dataset_B,2026-05-15 16:41:45,1000
